区站号,Y,X,降雨量,降雨量20-26,总降雨量
50136,52.96666667,122.5166667,71.4,44.7,116.10000000000001
50137,53.46666667,122.3666667,105.6,57.8,163.39999999999998
50246,52.35,124.7166667,57.3,14.0,71.3
50247,52.03333333,123.5666667,56.7,14.5,71.2
50349,51.66666667,124.4,38.1,9.1,47.2
50353,51.73333333,126.6333333,97.6,17.0,114.6
50425,50.25,120.1833333,48.2,0.6000000000000001,48.800000000000004
50431,50.78333333,121.5166667,42.4,3.9,46.3
50434,50.48333333,121.6833333,45.7,5.0,50.7
50442,50.4,124.1166667,57.7,28.1,85.80000000000001
50445,50.58333333,123.7333333,23.3,19.6,42.900000000000006
50468,50.25,127.45,100.0,18.5,118.5
50514,49.58333333,117.3166667,6.1,1.1,7.199999999999999
50524,49.31666667,119.4333333,19.5,0.1,19.6
50525,49.15,119.75,72.7,26.7,99.4
50526,49.28333333,120.7,58.4,20.4,78.8
50527,49.25,119.7,57.7,31.4,89.1
50548,49.2,123.7166667,55.2,11.5,66.7
50557,49.16666667,125.2333333,156.6,20.1,176.7
50564,49.43333333,127.35,167.9,129.4,297.3
50566,49.55,128.4666667,22.0,19.1,41.1
50603,48.66666667,116.8166667,2.3,1.4,3.6999999999999997
50618,48.21666667,118.2666667,55.4,39.6,95.0
50639,48.0,122.7333333,97.0,21.2,118.2
50645,48.48333333,124.4833333,207.3,38.0,245.3
50646,48.48333333,124.85,226.3,36.5,262.8
50647,48.13333333,123.4833333,142.8,34.3,177.10000000000002
50655,48.5,126.1833333,58.3,35.7,94.0
50656,48.25,126.5,95.0,83.0,178.0
50658,48.05,125.8833333,90.1,59.9,150.0
50659,48.03333333,126.25,136.6,105.6,242.2
50673,48.88333333,130.4,54.7,36.6,91.30000000000001
50674,48.56666667,129.4333333,83.5,27.7,111.2
50727,47.16666667,119.9333333,50.3,38.0,88.3
50739,47.33333333,123.1833333,142.7,42.6,185.29999999999998
50741,47.93333333,123.5,154.8,29.7,184.5
50742,47.8,124.4833333,131.7,60.7,192.39999999999998
50745,47.38333333,123.9166667,64.4,36.9,101.30000000000001
50749,47.18333333,124.8333333,88.0,77.6,165.6
50750,47.9,125.3,94.7,46.5,141.2
50755,47.6,126.1,90.4,59.5,149.9
50756,47.45,126.9666667,60.5,16.7,77.2
50758,47.18333333,125.9,40.3,11.9,52.199999999999996
50767,47.23333333,127.1,71.3,53.1,124.4
50772,48.1,129.2333333,105.6,55.8,161.39999999999998
50774,47.7,128.8333333,114.3,71.0,185.3
50775,47.33333333,130.2,34.5,19.700000000000003,54.2
50776,47.56666667,130.8333333,87.7,51.9,139.6
50778,47.66666667,132.5333333,4.5,0.0,4.5
50779,48.36666667,134.2833333,12.3,10.1,22.4
50787,47.31666667,131.8333333,24.7,12.2,36.9
50788,47.23333333,131.9833333,41.0,10.3,51.3
50834,46.6,121.2166667,96.2,81.7,177.9
50842,46.83333333,124.4166667,84.5,81.30000000000001,165.8
50844,46.4,123.45,89.8,88.5,178.3
50850,46.56666667,125.1333333,44.3,29.1,73.4
50851,46.68333333,126.0833333,100.3,69.7,170.0
50852,46.83333333,126.45,104.1,81.6,185.7
50853,46.61666667,126.9666667,84.5,60.1,144.6
50854,46.38333333,125.3166667,41.0,23.1,64.1
50858,46.06666667,125.9333333,83.4,81.3,164.7
50859,46.28333333,126.2833333,109.1,82.3,191.39999999999998
50861,46.88333333,127.4833333,133.7,119.9,253.6
50862,46.98333333,127.9833333,98.6,60.2,158.8
50867,46.08333333,127.35,9.4,0.8999999999999999,10.3
50871,46.73333333,129.8833333,34.9,0.0,34.9
50873,46.78333333,130.3,2.0,0.0,2.0
50877,46.3,129.5833333,0.2,0.1,0.30000000000000004
50878,47.0,130.7166667,77.2,23.9,101.1
50879,46.21666667,130.55,1.0,0.1,1.1
50880,46.73333333,131.1166667,84.2,36.3,120.5
50884,46.63333333,131.15,32.7,9.7,42.400000000000006
50888,46.31666667,132.1833333,23.3,10.4,33.7
50892,46.8,134.0,29.9,26.8,56.7
50913,45.71666667,118.8333333,26.5,23.6,50.1
50915,45.51666667,116.9666667,36.7,29.0,65.7
50924,45.53333333,119.6666667,88.9,59.1,148.0
50928,45.06666667,120.3333333,19.3,16.2,35.5
50934,45.38333333,121.5833333,72.3,17.8,90.1
50936,45.63333333,122.8333333,28.6,27.1,55.7
50937,45.06666667,121.4833333,17.3,12.2,29.5
50939,45.33333333,122.8166667,59.6,43.7,103.30000000000001
50940,45.85,123.1666667,1000079.5,1000069.8,2000149.3
50945,45.5,124.2666667,80.9,78.6,159.5
50946,45.18333333,124.8333333,62.6,62.6,125.2
50948,45.0,124.0166667,29.3,27.5,56.8
50949,45.08333333,124.8666667,1000045.4,1000044.9,2000090.3
50950,45.7,125.25,103.7,103.2,206.9
50953,45.93333333,126.5666667,6.3,3.7,10.0
50954,45.5,125.0833333,61.6,61.6,123.2
50956,46.08333333,126.7666667,102.6,58.2,160.8
50958,45.53333333,126.9333333,2.9,0.8,3.7
50960,45.73333333,127.3833333,29.4,0.6,30.0
50962,45.95,128.0333333,15.2,2.6,17.8
50963,45.96666667,128.7333333,2.2,1.7000000000000002,3.9000000000000004
50964,45.83333333,128.8,9.6,0.2,9.799999999999999
50965,45.43333333,128.2666667,5.1,0.0,5.1
50968,45.21666667,127.9666667,0.6,0.0,0.6
50971,45.76666667,131.0166667,15.6,1.0,16.6
50973,45.75,130.6,56.1,39.3,95.4
50978,45.3,130.9166667,0.1,0.1,0.2
50979,45.26666667,130.2333333,11.4,5.4,16.8
50983,45.76666667,132.9666667,1.2,0.0,1.2
50985,45.55,131.8666667,1.3,1.2,2.5
50987,45.26666667,131.1,35.1,7.1,42.2
51053,48.05,86.4,10.5,7.7,18.2
51058,47.1,87.96666667,0.2,0.0,0.2
51060,47.7,86.86666667,2.3,0.3,2.5999999999999996
51068,47.11666667,87.46666667,0.8,0.8,1.6
51076,47.73333333,88.08333333,0.8,0.5,1.3
51087,46.98333333,89.51666667,1.0,0.0,1.0
51133,46.73333333,83.0,1.5,0.0,1.5
51137,46.2,82.93333333,1.1,0.5,1.6
51145,46.55,83.65,0.3,0.0,0.3
51156,46.78333333,85.71666667,4.5,0.3,4.8
51232,45.18333333,82.56666667,3.2,1.9,5.1
51238,44.9,82.06666667,3.7,0.0,3.7
51241,45.93333333,83.6,9.8,0.2,10.0
51243,45.61666667,84.85,2.6,0.0,2.6
51334,44.56666667,82.81666667,2.2,0.7000000000000001,2.9000000000000004
51357,44.33333333,85.61666667,0.9,0.0,0.9
51359,44.31666667,86.2,1.3,0.0,1.3
51367,44.16666667,86.85,2.0,0.0,2.0
51368,44.11666667,87.31666667,0.0,0.0,0.0
51369,43.96666667,87.65,1.4,0.0,1.4
51377,44.16666667,87.91666667,0.8,0.0,0.8
51378,44.01666667,89.16666667,0.7,0.1,0.7999999999999999
51469,43.45,87.18333333,4.9,0.0,4.9
51470,43.88333333,88.11666667,5.9,0.0,5.9
51477,43.35,88.31666667,0.3,0.0,0.3
51482,43.83333333,90.28333333,0.0,0.0,0.0
51526,42.23333333,88.21666667,0.0,0.0,0.0
51542,43.03333333,84.15,1.7,1.3,3.0
51567,42.08333333,86.56666667,0.2,0.0,0.2
51571,42.8,88.63333333,0.0,0.0,0.0
51572,42.83333333,89.25,0.0,0.0,0.0
51573,42.93333333,89.2,0.0,0.0,0.0
51627,41.21666667,79.23333333,38.1,13.0,51.1
51628,41.16666667,80.23333333,27.7,9.8,37.5
51636,41.55,82.65,2.0,0.5,2.5
51639,41.23333333,82.78333333,2.2,0.0,2.2
51656,41.75,86.13333333,0.2,0.0,0.2
51704,39.71666667,76.16666667,19.1,3.2,22.3
51705,39.71666667,75.25,22.5,4.8,27.3
51707,39.5,76.73333333,12.2,7.2,19.4
51709,39.48333333,75.75,36.4,3.5,39.9
51717,39.25,76.78333333,12.6,10.6,23.2
51720,40.5,79.05,45.1,23.7,68.8
51722,40.65,80.4,18.4,6.2,24.599999999999998
51730,40.55,81.26666667,11.1,0.1,11.2
51747,39.0,83.66666667,0.0,0.0,0.0
51765,40.63333333,87.7,0.0,0.0,0.0
51802,38.93333333,76.16666667,7.6,5.9,13.5
51810,38.91666667,77.63333333,16.4,4.4,20.799999999999997
51811,38.43333333,77.26666667,8.9,4.1,13.0
51814,37.91666667,77.4,10.5,7.1,17.6
51815,38.2,77.26666667,13.9,3.7,17.6
51818,37.61666667,78.28333333,48.6,41.0,89.6
51826,37.01666667,80.8,7.2,6.2,13.4
51827,37.16666667,79.63333333,11.3,10.0,21.3
51828,37.13333333,79.93333333,13.6,11.0,24.6
51829,37.08333333,80.16666667,13.2,10.0,23.2
51839,37.06666667,82.71666667,0.4,0.0,0.4
51855,38.15,85.55,0.0,0.0,0.0
51931,36.85,81.65,5.8,3.3,9.1
52101,43.6,93.05,38.6,15.0,53.6
52112,43.75,94.98333333,15.6,15.2,30.799999999999997
52118,43.26666667,94.7,16.1,9.0,25.1
52203,42.81666667,93.51666667,5.1,1.5,6.6
52313,41.53333333,94.66666667,10.5,6.6,17.1
52323,41.8,97.03333333,1.9,1.3,3.2
52515,39.51666667,94.86666667,5.3,3.9,9.2
52533,39.76666667,98.48333333,11.5,11.3,22.8
52546,39.36666667,99.83333333,0.9,0.9,1.8
52557,39.15,100.1666667,0.9,0.9,1.8
52602,38.75,93.33333333,2.0,1.3,3.3
52643,38.83333333,99.61666667,18.9,18.9,37.8
52652,39.08333333,100.2833333,1.6,1.6,3.2
52656,38.43333333,100.8166667,8.3,8.2,16.5
52674,38.23333333,101.9666667,2.1,2.1,4.2
52679,37.91666667,102.6666667,2.0,2.0,4.0
52681,38.63333333,103.0833333,3.8,3.8,7.6
52707,36.8,93.68333333,0.0,0.0,0.0
52784,37.46666667,102.9,13.8,13.8,27.6
52787,37.2,102.8666667,13.6,12.1,25.7
52797,37.18333333,104.05,2.1,2.1,4.2
52818,36.41666667,94.91666667,0.2,0.2,0.4
52825,36.43333333,96.43333333,2.1,2.1,4.2
52836,36.3,98.1,71.1,71.1,142.2
52854,36.58333333,100.4833333,46.0,46.0,92.0
52856,36.26666667,100.6166667,30.4,28.8,59.2
52863,36.81666667,101.95,38.0,35.9,73.9
52866,36.73333333,101.75,42.5,42.5,85.0
52868,36.01666667,101.3666667,19.0,18.9,37.9
52869,36.5,101.5833333,52.9,47.8,100.69999999999999
52875,36.5,102.1,26.3,26.2,52.5
52876,36.33333333,102.8333333,28.4,26.5,54.9
52877,36.1,102.25,77.3,59.0,136.3
52881,36.98333333,103.1833333,14.3,6.9,21.200000000000003
52884,36.35,103.95,2.9,2.9,5.8
52885,36.75,103.25,29.0,10.5,39.5
52895,36.56666667,104.6833333,1.8,1.4,3.2
52896,36.55,104.15,26.8,0.8,27.6
52908,35.21666667,93.08333333,49.2,33.9,83.1
52941,36.26666667,100.2666667,39.0,38.1,77.1
52943,35.58333333,99.98333333,34.8,32.2,67.0
52955,35.58333333,100.7333333,24.1,18.9,43.0
52957,35.25,100.6,26.6,18.6,45.2
52963,35.93333333,102.0166667,50.3,41.6,91.9
52968,35.03333333,101.4666667,37.6,30.3,67.9
52972,35.85,102.45,48.4,46.6,95.0
52974,35.51666667,102.0166667,66.0,48.1,114.1
52978,35.2,102.5166667,38.9,24.8,63.7
52980,35.96666667,103.3,38.5,12.6,51.1
52981,35.68333333,103.3833333,24.0,14.7,38.7
52982,35.48333333,103.55,35.4,12.9,48.3
52983,35.86666667,104.15,17.8,10.2,28.0
52984,35.58333333,103.1833333,29.0,21.7,50.7
52985,35.41666667,103.3333333,73.3,55.9,129.2
52986,35.36666667,103.8666667,70.0,39.7,109.7
52988,35.36666667,103.7166667,68.5,44.1,112.6
52993,35.68333333,105.0666667,23.5,3.9,27.4
52995,35.58333333,104.6166667,36.2,8.200000000000001,44.400000000000006
52996,35.38333333,105.0166667,47.3,7.899999999999999,55.199999999999996
52998,35.13333333,104.2,73.7,8.9,82.60000000000001
53068,43.63333333,111.9333333,88.3,85.5,173.8
53083,44.61666667,114.15,131.8,120.7,252.5
53149,42.53333333,110.1333333,67.4,54.5,121.9
53192,44.01666667,114.95,94.6,93.8,188.39999999999998
53231,41.4,106.4,5.1,2.4,7.5
53289,42.23333333,113.8333333,57.0,50.1,107.1
53336,41.56666667,108.5166667,20.7,17.5,38.2
53337,41.1,108.2666667,23.0,16.099999999999998,39.099999999999994
53348,41.01666667,109.1333333,16.9,16.3,33.2
53352,41.7,110.4333333,71.9,58.5,130.4
53357,41.03333333,110.05,38.7,29.5,68.2
53362,41.53333333,111.6833333,21.6,15.3,36.900000000000006
53367,41.31666667,111.2333333,21.1,14.5,35.6
53368,41.08333333,111.4666667,28.3,8.6,36.9
53378,41.28333333,112.6166667,10.3,5.5,15.8
53384,41.45,113.1833333,27.7,23.1,50.8
53385,41.6,113.5333333,20.7,13.5,34.2
53391,41.9,114.0,24.4,13.9,38.3
53392,41.85,114.6,73.2,35.1,108.30000000000001
53397,41.1,113.9833333,42.3,42.3,84.6
53399,41.15,114.7,21.1,21.1,42.2
53419,40.33333333,107.0,5.1,3.7,8.8
53420,40.85,107.1166667,5.7,2.0,7.7
53433,40.73333333,108.65,25.8,14.7,40.5
53446,40.53333333,109.8833333,32.5,10.0,42.5
53455,40.55,110.5333333,11.5,6.2,17.7
53457,40.4,110.0333333,19.3,5.3,24.6
53463,40.85,111.5666667,43.4,25.0,68.4
53464,40.71666667,111.1666667,16.4,8.5,24.9
53466,40.75,111.7,15.4,10.4,25.8
53467,40.26666667,111.1833333,10.5,2.6,13.1
53469,40.4,111.8166667,14.2,1.8,16.0
53472,40.86666667,112.5666667,37.5,19.0,56.5
53475,40.51666667,112.4666667,25.7,6.8,32.5
53478,40.0,112.45,8.5,4.0,12.5
53480,41.03333333,113.0666667,12.0,9.4,21.4
53481,40.8,113.2166667,29.7,9.1,38.8
53483,40.86666667,113.8333333,95.6,20.6,116.19999999999999
53484,40.45,113.15,26.9,10.8,37.7
53486,40.36666667,113.7666667,4.6,3.5,8.1
53487,40.08333333,113.4166667,34.8,5.4,40.199999999999996
53488,40.03333333,113.5833333,37.6,5.499999999999999,43.1
53490,40.43333333,114.05,22.5,5.2,27.7
53491,40.66666667,114.3833333,47.1,6.0,53.1
53492,40.1,114.15,65.0,1.4,66.4
53498,40.56666667,115.0333333,24.3,3.6,27.900000000000002
53499,40.76666667,114.7333333,11.6,8.4,20.0
53512,39.8,106.8,7.9,2.9,10.8
53513,40.73333333,107.3666667,9.1,6.1,15.2
53517,39.26666667,106.3333333,32.4,0.2,32.6
53518,39.03333333,106.35,8.8,6.0,14.8
53519,39.21666667,106.7666667,11.0,6.7,17.7
53522,40.05,107.8333333,22.8,3.4,26.2
53529,39.08333333,107.9666667,22.6,1.8,24.400000000000002
53533,39.81666667,108.7166667,48.6,1.4,50.0
53543,39.83333333,109.9833333,35.6,4.8,40.4
53545,39.56666667,109.7166667,11.2,0.2,11.399999999999999
53553,39.86666667,111.2166667,58.1,5.2,63.300000000000004
53562,39.91666667,111.6666667,20.1,2.4,22.5
53564,39.38333333,111.15,2.7,1.7,4.4
53565,39.43333333,111.5,36.2,4.3,40.5
53567,39.01666667,111.0,22.0,3.0,25.0
53573,40.0,112.7,66.3,4.4,70.7
53574,39.51666667,112.2666667,1.6,0.3999999999999999,2.0
53575,39.1,112.2,11.9,1.8,13.700000000000001
53576,39.5,112.8166667,29.7,0.8,30.5
53577,39.0,112.3,40.4,3.1,43.5
53578,39.36666667,112.4333333,1.9,0.0,1.9
53579,39.01666667,112.9,34.4,6.1,40.5
53582,39.71666667,113.6666667,22.1,2.5,24.6
53584,39.56666667,113.1666667,17.0,5.0,22.0
53585,39.16666667,113.2666667,12.9,7.9,20.8
53588,38.95,113.5166667,136.3,55.8,192.10000000000002
53590,39.75,114.2666667,12.4,5.2,17.6
53593,39.83333333,114.5666667,9.8,1.3,11.100000000000001
53594,39.45,114.1833333,29.7,19.9,49.599999999999994
53596,38.85,115.1333333,201.4,87.5,288.9
53599,39.36666667,114.6833333,70.0,39.8,109.8
53603,38.83333333,106.3666667,10.4,2.6,13.0
53610,38.56666667,106.35,6.3,3.3000000000000003,9.6
53611,38.88333333,106.55,3.9,1.6,5.5
53612,37.98333333,106.1833333,2.6,0.3,2.9
53614,38.46666667,106.2,1.0,0.7,1.7
53615,38.8,106.7,14.4,1.4,15.8
53617,38.03333333,106.0833333,1.8,0.4,2.2
53618,38.28333333,106.25,0.7,0.2,0.8999999999999999
53619,38.11666667,106.3,0.9,0.1,1.0
53644,38.6,108.8333333,31.1,0.0,31.1
53646,38.26666667,109.7833333,9.1,4.3,13.399999999999999
53651,38.81666667,110.4666667,29.6,4.1,33.7
53658,38.03333333,110.4833333,38.3,2.6,40.9
53659,37.96666667,111.0,52.8,6.0,58.8
53660,39.01666667,111.0833333,41.6,0.2,41.800000000000004
53662,38.71666667,111.5833333,9.4,3.0,12.4
53663,38.91666667,111.8166667,44.3,0.6,44.9
53664,38.46666667,111.1333333,12.6,0.1,12.7
53665,38.28333333,111.65,4.4,4.4,8.8
53666,38.35,111.9333333,23.1,5.6,28.700000000000003
53669,38.08333333,111.8,14.4,9.2,23.6
53673,38.73333333,112.7166667,4.5,3.1,7.6
53674,38.4,112.7,15.6,11.3,26.9
53676,38.5,112.9833333,108.6,33.1,141.7
53677,37.93333333,112.4833333,40.3,33.6,73.9
53678,38.06666667,112.65,27.4,18.6,46.0
53679,37.75,112.55,40.1,9.9,50.0
53680,38.3,114.3833333,145.1,117.7,262.8
53681,38.83333333,113.3666667,91.5,43.0,134.5
53682,38.63333333,114.6833333,110.8,72.8,183.6
53685,38.06666667,113.4166667,91.3,61.9,153.2
53687,37.78333333,113.6333333,84.8,63.3,148.1
53688,38.41666667,114.55,130.5,87.0,217.5
53689,38.01666667,115.0666667,121.7,33.5,155.2
53690,38.85,114.1833333,171.3,117.5,288.8
53691,38.15,114.5666667,136.4,90.6,227.0
53692,38.73333333,114.9833333,211.7,103.6,315.29999999999995
53693,38.03333333,114.1333333,198.8,155.4,354.20000000000005
53694,38.26666667,114.2166667,371.1,307.4,678.5
53695,38.35,114.6833333,151.2,79.3,230.5
53696,38.55,115.0166667,130.4,71.6,202.0
53697,38.03333333,114.8333333,105.1,36.8,141.89999999999998
53699,38.18333333,114.95,113.2,37.8,151.0
53704,37.53333333,105.1833333,2.8,2.8,5.6
53705,37.48333333,105.6833333,2.1,2.1,4.2
53707,36.93333333,105.25,0.4,0.3,0.7
53723,37.8,107.3833333,1.2,1.2,2.4
53725,37.58333333,107.5833333,0.2,0.0,0.2
53727,37.16666667,107.1166667,0.9,0.8,1.7000000000000002
53730,38.18333333,107.4833333,1.1,1.1,2.2
53732,37.85,108.7166667,1.2,1.2,2.4
53735,37.61666667,108.8,3.0,3.0000000000000004,6.0
53738,36.91666667,108.1666667,32.1,32.1,64.2
53740,37.93333333,109.2333333,21.3,15.7,37.0
53748,37.18333333,109.7,12.8,4.2,17.0
53750,37.76666667,110.1833333,11.8,1.1,12.9
53751,37.6,110.05,10.0,6.0,16.0
53753,37.43333333,110.8833333,37.7,7.0,44.7
53754,37.5,110.2166667,4.6,2.6,7.199999999999999
53756,37.51666667,110.7166667,14.3,4.3,18.6
53757,37.11666667,110.1166667,1.7,1.6,3.3
53759,36.98333333,110.8333333,39.3,0.9,40.199999999999996
53760,37.88333333,111.2333333,25.9,20.1,46.0
53763,37.91666667,112.1666667,15.0,7.5,22.5
53764,37.5,111.1,34.7,11.2,45.900000000000006
53767,37.33333333,111.1666667,8.1,1.3,9.4
53768,37.15,111.75,11.3,1.0,12.3
53769,37.25,111.7833333,3.1,0.7,3.8
53770,37.35,112.35,5.9,1.6,7.5
53771,37.41666667,112.05,5.8,4.9,10.7
53772,37.61666667,112.5833333,6.4,4.5,10.9
53773,36.33333333,114.6166667,271.1,187.2,458.3
53774,37.58333333,112.3666667,4.2,2.7,6.9
53775,37.41666667,112.6,15.9,6.6,22.5
53776,37.68333333,112.7666667,34.7,20.8,55.5
53777,37.53333333,112.15,5.0,1.9,6.9
53778,37.16666667,112.2166667,12.4,0.0,12.4
53780,37.9,113.15,85.5,48.3,133.8
53781,36.86666667,114.4666667,233.3,154.20000000000002,387.5
53782,37.93333333,113.6166667,118.3,67.7,186.0
53783,37.6,113.7,96.7,64.6,161.3
53784,37.75,114.7833333,97.5,52.0,149.5
53785,37.51666667,114.6666667,211.5,138.1,349.6
53786,37.08333333,113.3333333,78.1,67.5,145.6
53787,37.06666667,112.9833333,79.8,40.1,119.9
53788,37.33333333,113.5666667,104.2,39.8,144.0
53789,37.88333333,114.6333333,147.4,92.7,240.10000000000002
53790,37.63333333,114.6,192.1,122.1,314.2
53791,37.76666667,114.5166667,313.7,156.6,470.29999999999995
53792,37.45,114.4833333,363.5,210.2,573.7
53794,37.35,114.75,164.7,100.0,264.7
53795,37.65,114.3666667,284.9,200.3,485.2
53796,37.61666667,114.8833333,96.8,39.1,135.9
53797,37.28333333,114.5166667,326.4,167.3,493.7
53798,37.06666667,114.5,244.2,144.7,388.9
53799,37.23333333,114.9833333,135.8,98.3,234.10000000000002
53806,36.56666667,105.65,2.0,0.4,2.4
53810,36.96666667,105.9,4.3,0.1,4.3999999999999995
53817,36.0,106.2666667,34.4,1.4,35.8
53821,36.56666667,107.3,15.0,4.4,19.4
53829,35.98333333,107.9,65.1,24.9,90.0
53832,36.76666667,108.7666667,2.5,1.7000000000000002,4.2
53841,36.88333333,109.3166667,57.8,34.4,92.19999999999999
53848,36.26666667,109.35,32.9,15.6,48.5
53850,36.88333333,110.1833333,8.6,7.3,15.899999999999999
53852,36.76666667,110.6333333,0.5,0.1,0.6
53853,36.7,110.95,12.8,0.9,13.700000000000001
53854,36.58333333,110.0666667,13.1,11.0,24.1
53856,36.46666667,110.75,2.6,1.1,3.7
53857,36.06666667,110.1833333,1.9,0.5,2.4
53859,36.1,110.6666667,18.0,0.1,18.1
53860,36.98333333,111.1666667,16.3,1.4,17.7
53861,35.88333333,111.3833333,158.7,127.4,286.1
53862,36.85,111.8,24.6,10.1,34.7
53863,37.03333333,111.9166667,6.2,0.0,6.2
53864,36.4,111.1,12.5,0.1,12.6
53865,36.65,111.55,11.9,5.8,17.7
53866,36.23333333,111.6666667,23.9,10.2,34.099999999999994
53868,36.06666667,111.5,27.2,12.6,39.8
53869,36.58333333,111.7,21.3,5.699999999999999,27.0
53871,36.83333333,112.85,124.4,94.7,219.10000000000002
53872,36.76666667,112.6833333,153.7,71.8,225.5
53873,36.1,112.8666667,140.7,80.4,221.1
53874,36.25,111.9,31.2,7.3,38.5
53875,36.51666667,112.35,82.3,37.6,119.9
53877,36.16666667,112.25,61.3,30.5,91.8
53878,36.51666667,113.3833333,172.4,105.1,277.5
53879,36.31666667,112.8833333,115.0,71.2,186.2
53880,36.33333333,113.2333333,133.2,72.5,205.7
53881,37.28333333,106.4833333,8.0,0.0,8.0
53882,36.06666667,113.0333333,189.5,119.1,308.6
53883,37.13333333,114.7,168.3,107.7,276.0
53884,36.51666667,113.0333333,122.3,79.1,201.39999999999998
53885,36.11666667,113.2,192.5,88.7,281.2
53886,36.56666667,113.6666667,262.3,195.1,457.4
53888,36.2,113.4333333,255.0,155.3,410.3
53889,36.06666667,113.8166667,443.3,272.7,716.0
53890,36.66666667,114.1,381.1,298.9,680.0
53891,37.01666667,114.6833333,187.1,123.6,310.7
53892,36.61666667,114.4666667,223.6,192.7,416.29999999999995
53893,36.76666667,114.95,142.3,123.5,265.8
53894,36.4,114.2,429.8,354.9,784.7
53895,36.78333333,114.5,230.0,169.7,399.7
53896,36.35,114.95,172.6,105.5,278.1
53897,36.38333333,114.3833333,369.1,306.4,675.5
53898,36.05,114.1333333,665.5,535.5,1201.0
53899,36.48333333,114.9666667,153.7,112.6,266.29999999999995
53903,35.96666667,105.7166667,12.3,5.0,17.3
53906,35.51666667,105.7166667,14.2,3.3000000000000003,17.5
53908,35.21666667,105.2333333,58.0,17.1,75.1
53910,35.66666667,106.2,30.9,12.4,43.3
53914,35.61666667,106.1166667,17.4,1.2,18.599999999999998
53915,35.55,106.6666667,28.6,1.8,30.400000000000002
53916,35.5,106.3166667,25.9,1.4,27.299999999999997
53917,35.21666667,106.0666667,21.4,0.5,21.9
53923,35.73333333,107.6333333,33.1,12.5,45.6
53924,35.06666667,107.6166667,76.5,10.8,87.3
53925,35.68333333,107.1833333,39.8,16.1,55.9
53926,35.35,107.35,43.2,6.3,49.5
53927,35.2,106.6166667,37.5,19.3,56.8
53928,35.3,107.0166667,41.6,14.6,56.2
53929,35.2,107.8,1000047.7,24.4,1000072.1
53930,36.45,107.9833333,5.0,5.0,10.0
53931,36.0,109.3666667,30.2,16.8,47.0
53934,35.78333333,107.9833333,52.9,32.800000000000004,85.7
53935,35.48333333,108.4,28.8,4.2,33.0
53937,35.51666667,107.9166667,56.9,29.0,85.9
53938,35.16666667,108.3,4.1,1.4,5.5
53941,35.18333333,109.5833333,10.4,6.3,16.7
53942,35.76666667,109.4166667,62.2,24.5,86.7
53944,35.56666667,109.25,23.2,10.9,34.1
53945,35.43333333,109.0666667,90.7,16.1,106.80000000000001
53946,35.6,109.8166667,32.1,7.6,39.7
53947,35.08333333,109.0666667,79.7,7.6,87.3
53948,34.95,109.5833333,74.0,28.8,102.8
53949,35.18333333,109.9166667,9.0,0.2,9.2
53950,35.23333333,110.15,38.4,1.5,39.9
53953,35.96666667,110.85,35.8,10.0,45.8
53954,35.61666667,110.9666667,8.5,3.6,12.1
53956,35.4,110.8333333,100.2,89.89999999999999,190.1
53957,35.61666667,110.7166667,27.9,1.4,29.299999999999997
53958,35.16666667,110.7833333,51.7,5.8,57.5
53959,35.05,111.05,70.1,21.2,91.3
53961,35.65,111.4833333,17.2,11.4,28.6
53962,35.73333333,111.7,53.4,40.3,93.69999999999999
53963,35.65,111.3666667,4.8,1.6,6.4
53964,35.61666667,111.2166667,5.4,1.0,6.4
53965,35.51666667,111.5666667,57.5,43.1,100.6
53966,35.98333333,111.8333333,13.8,7.5,21.3
53967,35.33333333,111.2,10.2,3.5,13.7
53968,35.28333333,111.6666667,106.3,36.4,142.7
53970,35.7,112.2,135.8,79.6,215.4
53972,35.05,112.9,465.5,284.7,750.2
53973,35.76666667,112.95,208.4,102.3,310.7
53974,35.61666667,114.2333333,877.6,651.1,1528.7
53975,35.48333333,112.4,268.5,147.5,416.0
53976,35.5,112.8666667,303.6,125.2,428.8
53978,35.08333333,112.6333333,412.3,220.2,632.5
53979,35.15,113.0833333,521.8,352.2,874.0
53980,36.55,114.8,131.1,109.5,240.6
53981,35.78333333,113.2666667,249.6,107.5,357.1
53982,35.23333333,113.2666667,657.4,402.3,1059.7
53983,35.03333333,114.4166667,549.7,301.2,850.9000000000001
53984,35.23333333,113.4666667,699.7,460.7,1160.4
53985,35.5,113.8166667,854.0,650.6999999999999,1504.6999999999998
53986,35.31666667,113.8833333,650.9,408.9,1059.8
53987,35.1,113.35,558.3,322.3,880.5999999999999
53988,35.26666667,113.6666667,739.3,537.0,1276.3
53989,35.08333333,113.9833333,608.8,416.9,1025.6999999999998
53991,35.91666667,114.3333333,637.0,520.6,1157.6
53992,35.65,114.5166667,365.3,273.4,638.7
53993,35.93333333,114.9166667,209.4,123.1,332.5
53994,35.38333333,114.0666667,901.1,616.9,1518.0
53995,35.55,114.5,430.6,294.6,725.2
53996,36.45,114.65,164.9,120.8,285.7
53997,35.15,114.1833333,602.0,369.8,971.8
53998,35.2,114.65,381.2,237.2,618.4
54012,44.58333333,117.6,82.5,78.3,160.8
54024,44.45,119.3,45.7,41.6,87.30000000000001
54026,44.56666667,120.9,42.7,5.9,48.6
54027,43.98333333,119.4,57.1,31.9,89.0
54031,44.9,121.8166667,2.8,2.7,5.5
54039,44.03333333,122.0166667,42.3,42.3,84.6
54041,44.8,123.0666667,64.4,57.8,122.2
54047,44.13333333,123.2833333,70.2,68.8,139.0
54049,44.25,123.9666667,10.6,10.3,20.9
54063,44.96666667,126.0,5.2,0.0,5.2
54064,44.38333333,125.15,7.3,0.0,7.3
54065,44.53333333,125.65,32.0,2.2,34.2
54069,44.16666667,125.8,0.3,0.0,0.3
54072,44.85,126.5166667,31.9,16.0,47.9
54076,44.38333333,126.9333333,2.2,0.0,2.2
54080,44.9,127.15,17.4,4.0,21.4
54092,44.6,129.4,0.0,0.0,0.0
54093,44.93333333,130.55,19.0,15.8,34.8
54094,44.5,129.6666667,9.4,7.6,17.0
54096,44.38333333,131.1666667,67.6,30.3,97.89999999999999
54098,44.33333333,129.4666667,2.7,2.6,5.300000000000001
54099,44.08333333,131.1333333,18.8,7.2,26.0
54102,43.95,116.1166667,67.7,67.7,135.4
54113,43.53333333,118.65,46.5,40.2,86.7
54115,43.63333333,118.0333333,54.6,48.4,103.0
54117,43.25,117.5333333,56.7,56.3,113.0
54122,43.88333333,120.05,28.1,13.1,41.2
54132,42.4,121.0666667,3.7,0.0,3.7
54134,43.6,121.2833333,7.9,7.9,15.8
54135,43.6,122.2666667,88.6,85.1,173.7
54142,43.5,123.5333333,0.1,0.0,0.1
54154,43.35,124.3,1.3,0.0,1.3
54155,43.66666667,124.2333333,0.8,0.0,0.8
54157,43.16666667,124.3333333,1.2,0.0,1.2
54161,43.9,125.2166667,0.0,0.0,0.0
54164,43.35,125.2833333,0.0,0.0,0.0
54165,43.55,125.6333333,0.7,0.0,0.7
54169,43.3,126.0166667,1.0,0.0,1.0
54171,43.7,126.5166667,1.6,0.2,1.8
54172,43.86666667,126.5333333,10.3,0.3,10.600000000000001
54181,43.7,127.3333333,1.3,0.0,1.3
54186,43.36666667,128.2,4.2,1.8,6.0
54187,43.11666667,128.9166667,13.4,9.0,22.4
54192,43.7,130.2666667,14.1,14.1,28.2
54195,43.3,129.7833333,0.4,0.4,0.8
54204,42.3,115.0,50.6,43.0,93.6
54205,42.23333333,116.0,98.4,72.7,171.10000000000002
54208,42.18333333,116.4666667,47.8,37.4,85.19999999999999
54213,42.93333333,119.0166667,3.4,3.0,6.4
54214,42.58333333,118.4166667,56.0,31.200000000000003,87.2
54218,42.3,118.8333333,24.2,12.0,36.2
54223,42.85,120.65,7.2,7.199999999999999,14.399999999999999
54225,42.3,119.95,0.5,0.5,1.0
54226,42.33333333,120.7,2.1,0.0,2.1
54231,42.96666667,122.35,3.9,0.0,3.9
54234,42.73333333,121.75,18.6,0.0,18.6
54236,42.38333333,122.55,14.7,0.5,15.2
54243,42.78333333,124.1166667,2.3,0.0,2.3
54244,42.75,123.3333333,0.2,0.0,0.2
54245,42.5,123.4,6.6,0.0,6.6
54248,42.03333333,123.5333333,0.0,0.0,0.0
54249,42.3,123.8666667,6.3,0.0,6.3
54252,42.73333333,124.75,2.3,0.5,2.8
54254,42.53333333,124.05,13.2,0.0,13.2
54259,42.06666667,124.8666667,10.7,0.2,10.899999999999999
54260,42.91666667,125.0833333,7.1,0.0,7.1
54261,42.66666667,125.4666667,1.7,0.0,1.7
54263,42.96666667,126.05,3.0,0.0,3.0
54266,42.53333333,125.6333333,21.6,6.2,27.8
54267,42.25,125.7333333,44.7,0.3,45.0
54273,42.98333333,126.75,6.9,0.0,6.9
54274,42.68333333,125.9833333,5.6,0.7999999999999999,6.3999999999999995
54276,42.4,126.8,42.5,0.5,43.0
54279,42.05,126.5833333,21.3,3.5,24.8
54284,42.15,127.5,99.2,1.4,100.60000000000001
54285,42.41666667,128.1166667,54.1,11.9,66.0
54286,42.53333333,129.0,78.3,34.2,112.5
54290,42.76666667,129.4,3.1,0.1,3.2
54291,42.9,130.2833333,0.0,0.0,0.0
54292,42.86666667,129.5,1.3,0.0,1.3
54293,42.95,129.8333333,0.0,0.0,0.0
54301,41.66666667,115.6666667,41.3,26.6,67.9
54304,40.95,115.2666667,110.1,24.3,134.4
54305,41.88333333,115.2666667,53.5,40.1,93.6
54308,41.2,116.6333333,26.3,4.0,30.3
54311,41.96666667,117.7666667,18.3,1.8,20.1
54313,41.93333333,118.7,3.9,0.2,4.1
54316,41.51666667,118.75,0.2,0.0,0.2
54318,41.31666667,117.7333333,6.5,3.6,10.1
54319,41.0,118.6666667,1.6,0.2,1.8
54320,41.6,119.3,0.1,0.0,0.1
54321,41.86666667,119.6333333,0.3,0.0,0.3
54323,41.81666667,120.7833333,2.1,0.0,2.1
54324,41.55,120.4333333,2.1,0.0,2.1
54325,41.18333333,120.35,4.9,0.0,4.9
54326,41.41666667,119.6166667,1.6,0.0,1.6
54327,41.23333333,119.35,0.2,0.0,0.2
54328,41.08333333,119.7166667,2.5,0.0,2.5
54332,41.51666667,122.7166667,7.7,1.6,9.3
54333,41.96666667,122.85,2.5,0.3,2.8
54336,41.41666667,122.4166667,22.3,0.5,22.8
54338,41.28333333,121.95,1.5,0.0,1.5
54339,41.08333333,123.0,18.4,4.4,22.799999999999997
54340,41.66666667,123.3166667,5.9,0.0,5.9
54342,41.73333333,123.5166667,0.7,0.0,0.7
54345,41.2,123.0666667,38.6,0.7,39.300000000000004
54346,41.31666667,123.7833333,35.1,18.5,53.6
54347,41.23333333,123.1666667,30.0,1.1,31.1
54348,41.41666667,123.3333333,2.2,0.0,2.2
54351,41.91666667,124.0833333,12.8,0.0,12.8
54353,41.73333333,125.05,20.6,7.3,27.900000000000002
54362,41.66666667,125.7333333,4.7,0.6000000000000001,5.300000000000001
54363,41.68333333,125.9,14.6,6.6000000000000005,21.2
54371,41.93333333,126.4333333,37.2,0.6,37.800000000000004
54374,41.8,126.8833333,2.1,0.0,2.1
54377,41.15,126.2166667,23.0,0.0,23.0
54386,41.41666667,128.1833333,25.5,0.7999999999999999,26.3
54398,40.13333333,116.6166667,45.8,4.800000000000001,50.599999999999994
54399,39.98333333,116.2833333,184.3,62.7,247.0
54401,40.76666667,114.9166667,13.3,4.3,17.6
54404,40.88333333,115.8333333,54.8,9.8,64.6
54405,40.41666667,115.5,24.9,0.1,25.0
54406,40.45,115.9666667,107.8,48.8,156.6
54408,40.38333333,115.2166667,3.6,1.2,4.8
54416,40.38333333,116.8666667,56.3,28.3,84.6
54419,40.36666667,116.6333333,100.1,18.5,118.6
54420,40.93333333,117.3333333,9.3,2.3,11.600000000000001
54421,40.65,117.1166667,50.4,22.9,73.3
54423,40.96666667,117.9166667,57.0,9.9,66.9
54424,40.16666667,117.1166667,15.4,5.5,20.9
54425,40.4,117.4666667,13.6,2.1,15.7
54428,40.03333333,117.4,11.5,6.3,17.8
54429,40.2,117.95,21.3,19.5,40.8
54430,40.76666667,118.15,5.5,0.0,5.5
54431,39.91666667,116.6333333,91.5,13.8,105.3
54432,40.6,118.4833333,55.0,45.5,100.5
54433,39.95,116.5,98.6,9.1,107.69999999999999
54434,40.16666667,118.3333333,5.9,4.1000000000000005,10.0
54436,40.41666667,118.95,29.5,21.4,50.9
54437,39.5,118.6166667,11.0,0.6,11.6
54438,39.88333333,118.8833333,7.1,6.4,13.5
54439,40.01666667,118.7166667,11.8,2.0,13.8
54449,39.85,119.5166667,5.6,3.2,8.8
54452,40.8,119.8166667,24.6,12.4,37.0
54453,40.78333333,120.8833333,5.2,0.0,5.2
54454,40.33333333,120.3,3.9,0.0,3.9
54455,40.61666667,120.65,7.0,0.0,7.0
54470,41.01666667,122.0666667,6.2,0.0,6.2
54471,40.65,122.1666667,14.4,0.0,14.4
54474,40.41666667,122.35,92.5,33.6,126.1
54475,40.61666667,122.4833333,32.9,12.3,45.2
54476,40.16666667,122.15,5.9,0.0,5.9
54483,40.88333333,123.9,140.0,1.7000000000000002,141.7
54486,40.28333333,123.2833333,106.8,7.7,114.5
54493,40.71666667,124.7833333,51.5,2.8,54.3
54494,40.46666667,124.0666667,125.2,13.6,138.8
54497,40.05,124.3333333,46.0,0.0,46.0
54499,40.21666667,116.2166667,233.7,35.5,269.2
54501,39.96666667,115.6833333,147.1,40.2,187.3
54502,39.48333333,116.0333333,47.9,13.0,60.9
54503,39.06666667,115.8166667,35.7,34.3,70.0
54505,39.93333333,116.1,191.9,11.8,203.70000000000002
54506,39.31666667,115.95,59.4,11.7,71.1
54507,39.33333333,115.5166667,169.7,8.799999999999999,178.5
54510,39.91666667,116.95,63.4,3.0,66.4
54511,39.8,116.4666667,27.4,4.3,31.7
54512,39.41666667,116.2833333,50.0,10.0,60.0
54513,39.95,116.2,174.1,10.0,184.1
54514,39.86666667,116.25,58.8,3.8,62.599999999999994
54515,39.5,116.7,73.7,3.6,77.3
54518,39.16666667,116.4,36.3,2.4,38.699999999999996
54519,39.3,116.4833333,52.3,9.3,61.599999999999994
54520,39.96666667,117.0833333,10.8,0.0,10.8
54521,39.76666667,116.9833333,52.6,0.0,52.6
54522,39.88333333,117.7333333,24.3,12.1,36.4
54523,39.38333333,117.0166667,46.7,17.0,63.7
54525,39.73333333,117.2833333,58.7,0.0,58.7
54526,39.08333333,117.3333333,1.6,1.6,3.2
54527,39.08333333,117.05,0.2,0.0,0.2
54528,39.23333333,117.1333333,1.0,0.0,1.0
54529,39.35,117.8166667,10.3,8.1,18.4
54530,39.23333333,117.7666667,15.4,14.7,30.1
54531,39.73333333,118.7166667,24.2,20.4,44.599999999999994
54532,39.8,118.0833333,44.5,23.0,67.5
54533,39.58333333,118.1,90.2,0.0,90.2
54534,39.65,118.1,13.1,8.8,21.9
54535,39.28333333,118.4666667,3.9,0.0,3.9
54539,39.43333333,118.8833333,26.6,0.0,26.6
54540,39.73333333,119.2,15.9,12.2,28.1
54541,39.9,119.2333333,5.5,2.2,7.7
54563,39.63333333,122.0166667,31.6,8.2,39.8
54565,39.6,121.4666667,18.7,0.0,18.7
54568,39.06666667,121.75,13.6,0.0,13.6
54569,39.41666667,121.95,1.3,0.0,1.3
54575,39.41666667,122.3666667,7.0,0.0,7.0
54579,39.26666667,122.5833333,7.8,0.0,7.8
54584,39.71666667,122.95,21.6,3.4,25.0
54590,39.88333333,124.1666667,49.7,0.0,49.7
54594,39.71666667,116.35,21.1,7.4,28.5
54596,39.76666667,116.2,77.0,9.7,86.7
54597,39.73333333,115.7333333,196.2,56.6,252.79999999999998
54601,38.98333333,115.65,90.9,28.0,118.9
54602,38.73333333,115.4833333,193.0,143.1,336.1
54603,38.71666667,115.7666667,17.4,2.3,19.7
54604,38.41666667,115.3333333,112.5,8.0,120.5
54605,38.93333333,115.9333333,36.2,23.4,59.6
54606,38.23333333,115.7333333,51.3,3.5,54.8
54607,38.71666667,115.1166667,202.6,155.3,357.9
54608,38.0,115.55,21.4,8.200000000000001,29.6
54609,38.23333333,115.5833333,45.9,6.0,51.9
54610,38.73333333,116.1,33.1,5.6,38.7
54611,38.93333333,115.3166667,146.9,39.7,186.60000000000002
54612,38.85,116.45,38.2,1.0,39.2
54613,38.7,116.6166667,24.9,0.1,25.0
54614,38.41666667,116.05,1.8,0.9,2.7
54615,38.58333333,116.85,11.8,0.0,11.8
54616,38.35,116.85,14.6,0.0,14.6
54617,38.18333333,116.1166667,16.1,1.3,17.400000000000002
54618,38.08333333,116.55,3.1,0.1,3.2
54619,38.91666667,116.9166667,1.5,0.0,1.5
54620,38.48333333,115.5666667,69.6,5.9,75.5
54621,38.18333333,115.1833333,167.0,23.8,190.8
54622,38.98333333,117.3666667,30.6,30.6,61.2
54623,39.05,117.7166667,31.6,4.3,35.9
54624,38.4,117.3166667,1.1,0.0,1.1
54626,38.41666667,115.8166667,43.1,7.800000000000001,50.900000000000006
54627,38.03333333,117.2333333,4.8,0.0,4.8
54628,38.15,117.4833333,14.5,0.2,14.7
54631,37.06666667,115.15,141.3,76.4,217.70000000000002
54632,37.06666667,115.0333333,203.4,181.1,384.5
54633,37.51666667,115.2333333,83.8,26.6,110.4
54636,39.01666667,116.1,18.3,14.7,33.0
54640,36.91666667,114.8666667,155.6,123.8,279.4
54644,38.05,117.1166667,9.5,0.1,9.6
54645,38.85,117.4666667,0.3,0.0,0.3
54662,38.9,121.6333333,18.6,0.0,18.6
54700,38.03333333,115.9333333,45.4,8.8,54.2
54701,37.93333333,115.2,102.6,23.1,125.69999999999999
54702,37.73333333,115.7,69.8,10.0,79.8
54703,37.8,115.8833333,14.8,11.9,26.700000000000003
54704,37.51666667,115.5666667,33.0,14.3,47.3
54705,37.36666667,115.3833333,64.8,27.9,92.69999999999999
54706,37.08333333,115.6666667,38.5,14.6,53.1
54707,37.35,115.9833333,27.9,20.5,48.4
54708,37.5,115.7333333,11.0,9.7,20.7
54709,37.21666667,116.0666667,27.7,17.7,45.4
54710,37.86666667,116.1666667,22.2,5.1,27.299999999999997
54711,37.7,116.2833333,7.4,2.7,10.100000000000001
54712,37.2,116.8166667,4.6,0.6,5.199999999999999
54713,37.88333333,116.5333333,0.9,0.6,1.5
54714,37.45,116.3333333,29.6,4.3,33.9
54715,37.31666667,116.5666667,26.8,2.1,28.900000000000002
54716,37.66666667,116.8,23.4,0.1,23.5
54717,37.63333333,116.4,26.2,2.3,28.5
54719,38.03333333,116.6833333,0.0,0.0,0.0
54722,37.75,117.6333333,180.1,0.0,180.1
54723,37.65,117.5666667,151.8,0.0,151.8
54724,37.31666667,117.1333333,6.2,0.1,6.3
54725,37.5,117.5333333,99.2,0.0,99.2
54726,37.7,117.1833333,4.5,0.0,4.5
54727,36.68333333,117.55,45.8,18.1,63.9
54728,37.76666667,117.3833333,96.3,0.0,96.3
54729,37.16666667,117.8666667,51.0,21.7,72.7
54734,37.35,118.0,44.1,0.0,44.1
54736,37.43333333,118.6666667,49.5,14.000000000000002,63.5
54744,37.58333333,118.55,33.3,12.7,46.0
54749,37.18333333,119.95,12.4,1.1,13.5
54751,37.93333333,120.7333333,13.0,1.2000000000000002,14.2
54752,37.8,120.7666667,46.5,12.1,58.6
54753,37.63333333,120.3333333,36.1,9.7,45.8
54755,37.33333333,120.3833333,21.8,0.0,21.8
54759,37.31666667,120.85,9.4,0.0,9.4
54764,37.48333333,121.2333333,16.3,0.0,16.3
54765,37.48333333,121.4333333,20.3,1.3,21.6
54776,37.4,122.7,10.3,0.0,10.3
54777,37.2,122.0666667,44.4,0.0,44.4
54800,37.0,115.25,60.4,51.1,111.5
54801,36.85,115.4833333,52.1,38.4,90.5
54802,36.81666667,115.7333333,43.8,19.9,63.699999999999996
54804,36.3,115.1333333,123.1,84.6,207.7
54806,36.41666667,115.9666667,66.4,9.0,75.4
54807,36.15,115.7666667,32.8,9.6,42.4
54808,36.23333333,115.6333333,93.3,16.1,109.4
54809,36.55,115.2833333,105.8,91.7,197.5
54812,36.78333333,116.75,54.5,15.7,70.2
54814,36.53333333,116.25,99.7,5.6000000000000005,105.3
54815,36.38333333,116.2666667,28.1,3.1,31.200000000000003
54816,36.51666667,116.8,54.5,5.6000000000000005,60.1
54817,35.98333333,115.8666667,35.5,7.9,43.4
54818,36.25,116.4166667,53.6,32.8,86.4
54819,36.18333333,116.8,23.2,1.1,24.3
54820,36.81666667,115.1666667,117.6,102.7,220.3
54821,37.0,117.2,39.0,0.0,39.0
54822,36.86666667,117.7333333,55.1,10.3,65.4
54823,36.6,117.0,73.2,7.5,80.7
54824,36.63333333,117.95,24.9,2.8,27.7
54825,36.51666667,117.85,50.8,15.1,65.89999999999999
54826,36.25,117.1,46.4,11.5,57.9
54827,36.16666667,117.15,12.3,0.9,13.200000000000001
54828,36.23333333,117.6833333,6.3,0.0,6.3
54829,36.76666667,117.8666667,47.5,15.4,62.9
54830,36.81666667,117.9333333,29.1,4.3,33.4
54831,36.65,118.5,29.5,14.6,44.1
54832,36.88333333,118.7333333,24.0,1.5,25.5
54833,36.96666667,118.0833333,102.1,16.900000000000002,119.0
54834,36.86666667,118.2833333,10.2,1.6,11.799999999999999
54835,36.5,118.55,12.3,4.5,16.8
54836,36.18333333,118.1666667,2.1,0.5,2.6
54837,36.68333333,118.8333333,0.8,0.0,0.8
54841,36.86666667,119.4166667,4.3,0.0,4.3
54842,36.78333333,120.0,10.6,0.0,10.6
54843,36.75,119.2,0.0,0.0,0.0
54844,36.41666667,119.1833333,5.4,0.0,5.4
54846,36.38333333,119.7333333,24.8,0.0,24.8
54848,35.98333333,119.4166667,68.8,3.1,71.89999999999999
54849,36.21666667,120.0333333,39.1,0.0,39.1
54851,36.9,120.5666667,5.1,0.0,5.1
54852,36.96666667,120.7333333,7.8,0.0,7.8
54853,36.16666667,120.4166667,41.6,0.0,41.6
54855,36.38333333,120.4666667,66.5,1.3,67.8
54857,36.06666667,120.3333333,41.3,0.0,41.3
54861,36.93333333,121.5333333,50.2,0.0,50.2
54863,36.78333333,121.1833333,13.2,0.1,13.299999999999999
54871,36.93333333,122.4833333,40.1,0.0,40.1
54900,35.7,115.0166667,142.7,104.0,246.7
54901,36.08333333,115.1666667,95.4,52.1,147.5
54902,35.9,115.1166667,118.1,62.9,181.0
54903,35.85,115.4833333,89.8,25.5,115.3
54904,35.58333333,115.5166667,51.9,21.5,73.4
54905,35.58333333,115.9333333,55.2,9.2,64.4
54906,35.25,115.4166667,39.1,17.5,56.6
54907,34.98333333,116.65,53.3,0.0,53.3
54908,35.26666667,115.1,102.3,79.5,181.8
54909,35.08333333,115.5166667,82.5,21.2,103.7
54910,35.81666667,116.05,36.0,7.6,43.6
54911,35.93333333,116.4,22.4,10.1,32.5
54912,35.76666667,116.5,60.2,35.8,96.0
54913,35.75,116.8166667,3.9,0.8,4.7
54914,35.41666667,116.0833333,17.8,4.2,22.0
54915,35.43333333,116.6,29.1,5.9,35.0
54916,35.56666667,116.85,22.6,4.5,27.1
54917,35.1,116.3166667,42.2,0.8,43.0
54918,35.6,116.9666667,9.7,0.2,9.899999999999999
54919,35.38333333,116.9833333,52.9,0.9,53.8
54920,35.65,117.2833333,18.4,0.0,18.4
54921,35.41666667,116.3333333,60.6,2.1,62.7
54922,35.88333333,117.7833333,3.3,0.0,3.3
54923,35.71666667,117.9333333,9.0,0.1,9.1
54925,35.51666667,117.6333333,41.7,1.0,42.7
54927,35.1,117.2,28.9,0.0,28.9
54929,35.26666667,117.9666667,90.5,5.300000000000001,95.8
54932,35.76666667,118.65,10.5,8.2,18.7
54935,35.53333333,118.4333333,47.2,15.7,62.900000000000006
54936,35.56666667,118.8333333,38.8,33.2,72.0
54938,35.05,118.4,28.2,19.5,47.7
54939,35.16666667,118.8166667,86.0,15.2,101.2
54940,35.75,119.2,20.8,15.2,36.0
54943,35.88333333,120.0,59.0,14.9,73.9
54945,35.43333333,119.5333333,74.1,16.3,90.39999999999999
55228,32.5,80.08333333,20.5,19.4,39.9
55248,32.15,84.41666667,47.3,37.6,84.9
55299,31.48333333,92.06666667,39.9,23.9,63.8
55437,30.28333333,81.25,17.2,15.6,32.8
55493,30.48333333,91.1,66.6,39.0,105.6
55569,29.08333333,87.6,50.0,8.200000000000001,58.2
55572,29.68333333,89.1,77.3,29.3,106.6
55593,29.85,91.73333333,66.1,21.7,87.8
55597,29.03333333,91.68333333,76.0,28.4,104.4
55598,29.26666667,91.76666667,49.2,35.3,84.5
55655,28.18333333,85.96666667,26.3,10.4,36.7
55664,28.63333333,87.08333333,63.9,10.7,74.6
55680,28.91666667,89.6,58.4,32.6,91.0
56004,34.21666667,92.43333333,89.0,68.8,157.8
56016,33.85,95.61666667,35.8,16.7,52.5
56018,32.88333333,95.28333333,28.7,15.8,44.5
56021,34.11666667,95.8,20.3,11.0,31.3
56029,33.0,96.96666667,10.6,2.0,12.6
56033,34.91666667,98.21666667,12.9,4.5,17.4
56034,33.8,97.13333333,21.7,17.3,39.0
56038,32.98333333,98.1,30.2,2.3,32.5
56043,34.48333333,100.2333333,38.2,25.5,63.7
56045,33.96666667,99.9,27.1,14.1,41.2
56046,33.75,99.65,18.2,8.200000000000001,26.4
56065,34.73333333,101.6,53.6,29.5,83.1
56067,33.43333333,101.4833333,33.3,9.5,42.8
56071,34.58333333,102.5,55.3,48.1,103.4
56074,34.0,102.0833333,33.9,28.5,62.4
56079,33.58333333,102.9666667,38.7,22.6,61.300000000000004
56080,35.0,102.9,83.0,23.8,106.8
56081,34.7,103.35,39.2,23.6,62.800000000000004
56082,34.58333333,103.5,25.7,20.1,45.8
56084,34.06666667,103.2333333,30.0,20.7,50.7
56091,34.85,104.4666667,61.6,19.2,80.8
56092,35.0,104.65,64.8,11.0,75.8
56093,34.43333333,104.0166667,65.9,19.9,85.80000000000001
56094,33.78333333,104.3666667,66.2,20.0,86.2
56095,34.03333333,104.3833333,76.4,33.4,109.80000000000001
56096,33.4,104.9166667,93.9,0.0,93.9
56097,33.26666667,104.25,60.8,26.4,87.19999999999999
56116,31.41666667,95.6,47.8,2.2,50.0
56125,32.2,96.46666667,18.3,15.6,33.9
56128,31.21666667,96.6,11.8,8.6,20.4
56137,31.15,97.16666667,12.9,4.6,17.5
56144,31.8,98.58333333,13.7,7.6,21.299999999999997
56146,31.61666667,100.0,15.2,8.5,23.7
56147,31.21666667,98.83333333,28.7,13.3,42.0
56151,32.93333333,100.75,11.8,6.6,18.4
56152,32.28333333,100.3333333,12.7,11.1,23.799999999999997
56158,31.4,100.6666667,26.5,1.7,28.2
56164,32.26666667,100.9833333,12.5,3.6,16.1
56167,30.98333333,101.1166667,23.6,0.9,24.5
56168,31.48333333,102.0666667,15.4,0.3,15.700000000000001
56171,32.9,101.7,25.9,6.2,32.1
56172,31.9,102.2333333,10.8,2.5,13.3
56173,32.8,102.55,42.7,25.700000000000003,68.4
56178,31.0,102.35,32.0,0.0,32.0
56180,31.68333333,103.85,49.9,17.1,67.0
56181,30.68333333,103.7,98.6,30.700000000000003,129.3
56182,32.66666667,103.6,34.9,14.5,49.4
56183,31.5,103.6166667,26.1,1.7000000000000002,27.8
56184,31.43333333,103.1666667,31.7,0.0,31.7
56185,32.08333333,102.9833333,35.4,0.0,35.4
56186,31.33333333,104.2,72.4,29.4,101.80000000000001
56187,30.75,103.8666667,113.0,52.400000000000006,165.4
56188,31.0,103.6666667,128.5,39.6,168.1
56189,30.98333333,103.9333333,100.9,37.3,138.2
56192,32.95,104.6666667,62.2,0.0,62.2
56197,31.15,104.1666667,229.6,90.4,320.0
56198,31.31666667,104.5,141.0,88.3,229.3
56199,31.03333333,104.6833333,143.1,42.4,185.5
56223,30.75,95.83333333,42.6,5.0,47.6
56227,29.86666667,95.76666667,24.1,7.2,31.3
56228,30.05,96.91666667,19.5,6.8,26.3
56247,30.0,99.1,9.4,2.8,12.2
56251,30.93333333,100.3166667,21.4,0.2,21.599999999999998
56257,30.0,100.2666667,15.2,1.2000000000000002,16.4
56263,30.88333333,101.8833333,48.1,0.0,48.1
56267,30.03333333,101.0166667,12.8,12.2,25.0
56272,30.81666667,103.8833333,94.9,28.3,123.2
56273,30.38333333,102.8166667,92.1,19.7,111.8
56276,30.45,103.8166667,40.5,20.4,60.9
56278,30.06666667,102.7666667,162.8,27.3,190.10000000000002
56279,30.15,102.9333333,228.2,45.3,273.5
56280,30.08333333,103.1166667,263.2,66.7,329.9
56281,30.18333333,103.5,68.7,64.0,132.7
56284,30.45,103.4333333,97.7,14.2,111.9
56285,30.6,103.5166667,156.5,80.8,237.3
56286,30.55,104.25,187.9,63.1,251.0
56288,30.58333333,103.9166667,196.9,145.3,342.20000000000005
56289,30.2,103.8666667,66.0,34.6,100.6
56290,30.78333333,104.1833333,98.4,17.7,116.10000000000001
56296,30.85,104.4333333,188.4,68.5,256.9
56297,30.01666667,104.15,209.2,109.4,318.6
56298,30.13333333,104.6,200.0,21.7,221.7
56312,29.66666667,94.33333333,42.0,5.9,47.9
56317,29.21666667,94.21666667,36.8,28.2,65.0
56331,29.66666667,97.83333333,20.4,12.6,33.0
56357,29.05,100.3,46.5,4.2,50.7
56371,29.91666667,102.2333333,45.9,5.800000000000001,51.7
56373,29.78333333,102.85,211.2,21.9,233.1
56374,30.05,101.9666667,10.1,1.1,11.2
56376,29.35,102.6333333,30.4,11.5,41.9
56378,29.23333333,102.35,24.5,4.5,29.0
56380,29.88333333,103.35,181.3,84.10000000000001,265.40000000000003
56381,30.06666667,103.5,142.8,74.3,217.10000000000002
56382,29.73333333,103.6,130.4,54.4,184.8
56383,29.83333333,103.8666667,92.9,19.6,112.5
56384,29.6,103.4833333,38.9,24.7,63.599999999999994
56385,29.51666667,103.3333333,238.1,177.9,416.0
56386,29.56666667,103.75,122.8,21.2,144.0
56387,29.23333333,103.2666667,66.8,17.5,84.3
56389,29.2,103.95,70.8,27.4,98.19999999999999
56390,29.66666667,104.0666667,110.9,4.6,115.5
56391,30.08333333,103.8166667,145.4,72.89999999999999,218.3
56393,29.76666667,104.85,186.2,1.1,187.29999999999998
56394,29.45,104.4333333,72.9,12.3,85.2
56395,29.51666667,104.6666667,83.5,0.4,83.9
56396,29.35,104.7666667,95.6,7.5,103.1
56399,29.18333333,104.9833333,39.5,0.0,39.5
56434,28.65,97.46666667,40.6,17.5,58.1
56441,28.71666667,99.28333333,27.3,5.800000000000001,33.1
56443,28.93333333,99.8,11.7,2.5,14.2
56444,28.48333333,98.91666667,41.6,18.6,60.2
56459,27.93333333,101.2666667,41.5,18.6,60.1
56462,29.0,101.5,13.2,4.2,17.4
56473,28.95,102.7666667,37.5,18.5,56.0
56474,28.55,102.1666667,20.6,8.4,29.0
56475,28.65,102.5166667,61.7,39.0,100.7
56478,28.3,102.4333333,83.0,49.4,132.4
56479,28.0,102.85,54.6,35.4,90.0
56480,28.81666667,103.5333333,142.4,54.8,197.2
56483,28.58333333,103.95,92.7,0.8,93.5
56485,28.26666667,103.5833333,64.7,14.5,79.2
56487,28.33333333,103.1333333,42.7,16.0,58.7
56489,28.23333333,103.6333333,103.3,52.6,155.9
56490,28.95,103.9,143.1,13.1,156.2
56491,28.7,104.5666667,86.8,12.4,99.2
56492,28.8,104.6,140.5,43.8,184.3
56493,28.85,104.9666667,41.5,5.3,46.8
56494,28.65,104.15,109.5,0.4,109.9
56496,28.31666667,105.2333333,90.7,41.0,131.7
56497,28.1,104.2333333,46.4,5.1,51.5
56498,28.15,104.5,65.0,23.9,88.9
56499,28.38333333,104.7833333,126.8,57.2,184.0
56533,27.75,98.66666667,47.4,9.1,56.5
56543,27.83333333,99.7,87.6,31.7,119.3
56548,27.16666667,99.28333333,64.2,23.1,87.30000000000001
56565,27.43333333,101.5166667,37.2,30.0,67.2
56567,27.3,100.85,47.0,17.2,64.2
56569,27.41666667,102.1833333,18.7,5.5,24.2
56571,27.9,102.2666667,40.3,32.9,73.19999999999999
56575,27.36666667,102.55,33.2,24.4,57.6
56578,27.06666667,102.75,59.0,51.4,110.4
56580,27.71666667,102.8,52.5,26.3,78.8
56582,27.75,103.9,63.9,32.7,96.6
56584,27.7,103.25,51.0,33.4,84.4
56585,27.18333333,103.5333333,81.4,28.5,109.9
56586,27.35,103.7166667,55.0,7.6,62.6
56592,28.43333333,104.5166667,74.8,35.0,109.8
56593,28.58333333,104.9166667,79.8,26.8,106.6
56594,27.63333333,104.05,86.2,50.2,136.4
56595,27.41666667,104.8666667,161.4,93.4,254.8
56596,27.85,105.05,165.1,86.7,251.8
56598,27.13333333,104.7333333,153.8,86.2,240.0
56641,26.9,98.86666667,67.6,35.3,102.89999999999999
56643,25.86666667,98.85,37.2,25.4,62.6
56645,26.41666667,99.41666667,59.4,22.1,81.5
56646,26.53333333,99.91666667,64.9,43.9,108.80000000000001
56649,26.1,99.96666667,80.7,55.9,136.6
56651,26.85,100.2166667,87.6,40.2,127.8
56652,26.68333333,100.75,35.8,16.400000000000002,52.2
56654,26.58333333,100.1833333,79.1,47.4,126.5
56664,26.63333333,101.2666667,65.0,40.8,105.8
56665,26.68333333,101.85,9.3,7.8,17.1
56666,26.58333333,101.7166667,32.1,20.8,52.900000000000006
56669,26.05,101.6666667,15.5,15.0,30.5
56670,26.91666667,102.1166667,58.7,47.3,106.0
56671,26.65,102.25,93.0,67.9,160.9
56673,26.91666667,102.9166667,41.3,28.6,69.9
56674,26.5,101.7333333,72.7,29.8,102.5
56675,26.65,102.5833333,62.5,52.5,115.0
56684,26.4,103.25,44.8,26.5,71.3
56688,26.1,103.1666667,35.2,34.0,69.2
56691,26.86666667,104.2833333,70.1,27.2,97.3
56697,26.21666667,104.0833333,96.2,72.6,168.8
56739,24.98333333,98.5,77.3,48.4,125.69999999999999
56742,25.9,99.36666667,58.6,45.9,104.5
56745,25.68333333,99.95,63.1,22.9,86.0
56746,25.46666667,99.51666667,55.5,36.7,92.2
56748,25.11666667,99.18333333,129.6,94.7,224.3
56751,25.7,100.1833333,51.0,35.9,86.9
56752,25.83333333,100.5666667,43.9,9.5,53.4
56755,25.35,100.4833333,87.0,80.6,167.6
56757,25.26666667,100.2833333,46.1,32.4,78.5
56761,25.71666667,101.3166667,44.6,37.4,82.0
56764,25.53333333,101.2333333,40.6,35.9,76.5
56766,25.3,101.5166667,131.6,108.1,239.7
56767,25.18333333,101.2833333,88.3,64.3,152.6
56772,25.23333333,102.5,50.5,46.1,96.6
56774,25.53333333,102.4166667,141.0,126.0,267.0
56777,25.15,102.0666667,33.3,13.7,47.0
56778,25.0,102.65,99.6,78.1,177.7
56782,25.41666667,103.55,43.1,19.9,63.0
56783,25.5,103.8,35.3,5.0,40.3
56785,25.35,103.0833333,104.6,96.9,201.5
56790,25.68333333,104.25,63.7,25.6,89.30000000000001
56792,25.78333333,104.9666667,142.2,80.19999999999999,222.39999999999998
56793,25.71666667,104.4666667,93.4,47.1,140.5
56835,24.06666667,97.81666667,113.5,101.4,214.9
56836,24.7,97.95,107.5,103.6,211.1
56839,23.76666667,98.81666667,161.3,119.3,280.6
56840,24.81666667,98.3,56.6,37.1,93.7
56841,24.6,98.68333333,271.8,199.5,471.3
56842,24.73333333,99.18333333,133.7,108.2,241.89999999999998
56843,24.83333333,99.61666667,152.0,103.7,255.7
56844,24.43333333,98.58333333,229.8,159.8,389.6
56846,24.58333333,99.93333333,181.7,99.0,280.7
56849,24.03333333,99.23333333,56.6,33.9,90.5
56851,25.03333333,100.5166667,101.4,78.6,180.0
56854,24.45,100.1333333,49.5,36.4,85.9
56856,24.46666667,100.8666667,73.1,43.4,116.5
56862,24.68333333,101.6,119.8,95.8,215.6
56863,24.93333333,102.4833333,118.7,108.9,227.60000000000002
56867,23.98333333,101.1166667,81.6,30.0,111.6
56869,24.06666667,101.9666667,126.8,96.9,223.7
56870,24.65,102.1833333,78.9,49.8,128.7
56871,24.65,102.6,143.6,101.9,245.5
56873,24.68333333,102.9166667,55.8,21.7,77.5
56875,24.33333333,102.55,114.1,99.6,213.7
56876,24.28333333,102.7666667,100.2,71.9,172.10000000000002
56878,24.13333333,102.75,65.9,28.0,93.9
56879,24.18333333,102.9166667,188.1,74.7,262.8
56880,24.91666667,103.1666667,54.2,42.6,96.80000000000001
56881,24.75,103.2666667,81.2,46.3,127.5
56882,24.88333333,102.8,66.2,51.4,117.6
56883,24.81666667,103.9833333,76.0,50.5,126.5
56885,24.4,103.45,89.9,37.6,127.5
56886,24.53333333,103.7666667,115.5,67.0,182.5
56889,24.05,104.1666667,112.8,36.9,149.7
56891,24.98333333,104.3166667,136.9,79.1,216.0
56898,24.18333333,102.4,124.4,76.5,200.9
56944,23.15,99.26666667,160.0,107.0,267.0
56946,23.55,99.4,100.8,93.3,194.1
56948,22.63333333,99.6,115.5,71.5,187.0
56949,22.31666667,99.6,74.1,56.5,130.6
56950,23.46666667,99.8,79.4,32.8,112.2
56951,23.88333333,100.0833333,115.3,85.1,200.39999999999998
56952,23.5,100.7,102.5,64.4,166.9
56954,22.56666667,99.93333333,148.1,79.8,227.89999999999998
56958,21.91666667,100.4166667,135.3,76.8,212.10000000000002
56962,23.41666667,101.6666667,83.6,66.5,150.1
56964,22.78333333,100.9666667,133.4,102.7,236.10000000000002
56966,23.6,101.9833333,74.0,36.6,110.6
56969,21.46666667,101.5833333,320.3,144.3,464.6
56970,23.7,102.4833333,110.4,38.1,148.5
56975,23.36666667,102.4333333,129.1,44.5,173.6
56976,23.23333333,102.8333333,99.6,43.7,143.3
56977,22.58333333,101.85,266.7,133.9,400.6
56978,23.0,102.4166667,222.0,61.4,283.4
56982,23.7,103.2833333,130.1,56.5,186.6
56984,23.38333333,103.15,191.6,91.9,283.5
56987,22.78333333,103.2333333,233.0,140.7,373.7
56991,23.61666667,104.3333333,104.7,27.9,132.6
56992,23.45,104.7,138.6,41.4,180.0
56994,23.33333333,104.2833333,158.8,53.4,212.20000000000002
56995,23.03333333,104.4166667,115.8,43.3,159.1
57001,34.75,105.3333333,75.9,1.5,77.4
57002,34.85,105.65,82.9,7.7,90.60000000000001
57003,34.9,106.8333333,44.2,25.1,69.30000000000001
57004,34.73333333,104.8833333,81.7,14.8,96.5
57006,34.58333333,105.75,77.0,2.4,79.4
57007,34.18333333,105.1833333,124.6,11.2,135.79999999999998
57008,34.03333333,105.3,116.2,29.0,145.2
57011,34.75,106.15,40.9,8.700000000000001,49.6
57012,34.98333333,106.2,28.1,4.6,32.7
57014,34.56666667,105.8666667,46.5,5.9,52.4
57016,34.35,107.1333333,80.9,40.0,120.9
57020,34.36666667,107.4,133.3,19.3,152.60000000000002
57021,34.65,107.1333333,61.1,31.4,92.5
57022,34.68333333,107.7833333,53.1,2.2,55.300000000000004
57023,35.01666667,108.1166667,36.8,32.4,69.19999999999999
57024,34.45,107.65,23.2,5.4,28.6
57025,34.51666667,107.3833333,84.1,13.1,97.19999999999999
57026,34.36666667,107.8833333,28.3,1.1,29.400000000000002
57027,34.26666667,107.7333333,16.0,5.4,21.4
57028,34.03333333,107.3166667,19.1,6.4,25.5
57029,34.5,108.4833333,27.2,17.3,44.5
57030,34.7,108.15,18.7,3.5,22.2
57031,34.81666667,108.55,43.4,13.5,56.9
57033,34.55,108.8166667,50.9,6.8,57.699999999999996
57034,34.25,108.2166667,1.6,0.4,2.0
57035,34.55,108.2333333,38.8,10.3,49.099999999999994
57037,34.93333333,108.9833333,82.8,51.0,133.8
57038,34.28333333,108.45,23.5,22.8,46.3
57041,34.63333333,108.9166667,41.1,8.200000000000001,49.300000000000004
57042,34.78333333,109.1833333,99.9,27.4,127.30000000000001
57043,34.8,109.9666667,3.2,3.2,6.4
57045,34.51666667,109.4833333,100.6,47.4,148.0
57046,34.48333333,110.0833333,120.5,85.89999999999999,206.39999999999998
57048,34.4,108.7166667,38.1,3.5,41.6
57051,34.8,111.2,93.1,39.6,132.7
57052,34.88333333,110.45,22.7,7.7,30.4
57053,34.7,110.7166667,132.7,70.0,202.7
57054,34.55,110.2333333,18.9,16.3,35.2
57055,34.55,110.0833333,16.3,4.6,20.9
57056,34.53333333,110.85,131.9,60.6,192.5
57057,34.1,110.15,105.3,87.9,193.2
57060,35.16666667,111.2333333,54.0,9.0,63.0
57061,34.83333333,111.2,115.5,40.9,156.4
57063,34.76666667,111.7666667,110.0,52.8,162.8
57066,34.4,111.6666667,140.8,40.6,181.4
57070,34.73333333,112.1166667,176.0,67.3,243.3
57071,34.81666667,112.4333333,337.8,147.3,485.1
57072,34.91666667,112.75,495.6,194.2,689.8
57074,34.41666667,112.4,307.7,97.2,404.9
57075,34.16666667,112.8666667,499.9,233.2,733.0999999999999
57076,34.73333333,112.7833333,648.6,232.3,880.9000000000001
57078,34.15,112.4666667,348.0,52.4,400.4
57079,34.95,113.0333333,500.8,223.6,724.4
57080,34.73333333,112.9666667,712.9,310.2,1023.0999999999999
57081,34.8,113.4333333,833.2,359.5,1192.7
57082,34.46666667,113.0166667,637.6,265.3,902.9000000000001
57083,34.71666667,113.65,1001021.8,675.8,1001697.6000000001
57084,34.5,113.05,855.6,276.8,1132.4
57085,34.53333333,113.3333333,975.2,458.6,1433.8000000000002
57086,34.38333333,113.7166667,528.7,250.3,779.0
57087,34.26666667,113.7333333,468.4,204.4,672.8
57088,34.15,113.5,436.6,176.0,612.6
57089,34.06666667,113.9333333,462.9,236.4,699.3
57090,34.71666667,113.9666667,495.9,252.1,748.0
57091,34.78333333,114.3,467.9,347.2,815.0999999999999
57093,34.85,114.8166667,267.3,179.5,446.8
57094,34.4,114.2166667,366.9,267.0,633.9
57095,34.11666667,114.15,330.4,222.2,552.5999999999999
57096,34.53333333,114.7833333,205.8,112.2,318.0
57098,34.08333333,114.4,488.7,380.9,869.5999999999999
57099,34.06666667,114.85,114.3,42.5,156.8
57102,33.75,105.7166667,78.1,6.0,84.1
57105,33.33333333,105.6,77.7,15.3,93.0
57106,33.31666667,106.15,96.8,6.3,103.1
57110,33.78333333,106.0833333,52.6,18.2,70.8
57111,33.91666667,106.3,149.5,85.3,234.8
57113,33.9,106.5333333,67.3,28.200000000000003,95.5
57119,33.16666667,106.7,110.8,9.2,120.0
57123,34.28333333,108.0666667,11.7,2.8,14.5
57124,33.63333333,106.9333333,55.1,16.4,71.5
57127,33.06666667,107.0333333,66.8,38.7,105.5
57128,33.16666667,107.3333333,43.4,20.2,63.599999999999994
57131,34.43333333,108.9666667,110.6,5.3,115.89999999999999
57134,33.51666667,107.9833333,132.9,96.7,229.60000000000002
57137,33.31666667,108.3166667,46.7,3.9,50.6
57140,33.66666667,109.1166667,66.9,41.6,108.5
57143,33.86666667,109.9666667,116.7,56.7,173.4
57144,33.43333333,109.15,61.6,29.7,91.3
57153,33.68333333,110.3333333,1000107.2,1000014.1,2000121.2999999998
57154,33.53333333,110.9,71.3,17.0,88.3
57155,33.55,109.8666667,71.5,14.4,85.9
57156,33.3,111.5,317.0,258.3,575.3
57162,34.13333333,112.0666667,157.0,42.7,199.7
57169,33.05,111.8666667,105.5,71.0,176.5
57173,33.75,112.8833333,486.7,203.9,690.6
57175,33.05,112.2333333,121.1,52.1,173.2
57176,33.48333333,112.4166667,330.3,116.7,447.0
57177,33.33333333,113.5333333,284.7,66.3,351.0
57178,33.1,112.4833333,108.6,31.2,139.79999999999998
57179,33.28333333,113.0,179.6,84.8,264.4
57180,33.98333333,113.2,331.8,164.1,495.9
57181,33.88333333,113.05,346.5,157.1,503.6
57182,33.85,113.5166667,466.7,192.6,659.3
57183,33.8,113.9166667,576.7,338.4,915.1
57184,33.63333333,113.3,185.2,90.4,275.6
57185,33.45,113.5833333,191.0,66.6,257.6
57186,33.6,114.05,474.3,263.9,738.2
57187,33.06666667,112.9333333,70.7,33.3,104.0
57188,33.36666667,114.0333333,219.6,25.7,245.29999999999998
57189,33.13333333,113.95,179.6,63.6,243.2
57190,33.75,114.4,310.8,140.5,451.3
57191,34.48333333,114.4833333,345.2,244.6,589.8
57192,33.73333333,114.85,119.5,24.0,143.5
57193,33.78333333,114.5166667,334.9,185.2,520.0999999999999
57194,33.28333333,114.2666667,209.2,60.5,269.7
57195,33.61666667,114.6166667,247.8,62.8,310.6
57196,33.46666667,114.8666667,276.5,22.9,299.4
57197,32.96666667,114.35,86.8,45.8,132.6
57198,33.5,114.5666667,247.6,78.9,326.5
57204,32.56666667,105.2166667,145.1,15.6,160.7
57206,32.43333333,105.85,209.6,67.3,276.9
57208,32.28333333,105.5166667,396.7,163.8,560.5
57211,32.83333333,106.25,185.6,17.7,203.29999999999998
57213,33.0,106.9333333,189.0,53.5,242.5
57216,32.35,106.8333333,203.3,73.0,276.3
57217,32.23333333,106.2833333,307.5,53.2,360.7
57231,32.53333333,108.5333333,27.3,17.099999999999998,44.4
57232,33.05,108.2666667,81.0,11.1,92.1
57233,32.9,108.5,30.4,1.1,31.5
57237,32.06666667,108.0333333,116.4,45.9,162.3
57238,32.53333333,107.9,61.4,38.9,100.3
57242,32.85,109.3666667,17.5,0.5,18.0
57245,32.71666667,109.0333333,11.9,5.2,17.1
57247,32.31666667,108.9,42.2,17.400000000000002,59.60000000000001
57248,32.4,109.3333333,22.3,2.8000000000000003,25.1
57249,32.31666667,109.6833333,32.6,4.4,37.0
57251,33.0,110.4166667,17.9,5.5,23.4
57253,32.85,110.8166667,84.2,20.3,104.5
57254,32.81666667,110.1166667,68.7,13.3,82.0
57256,32.65,110.7833333,67.6,38.6,106.19999999999999
57257,32.23333333,110.2333333,37.3,5.1,42.4
57259,32.05,110.75,98.8,16.299999999999997,115.1
57260,32.56666667,111.5166667,55.1,14.6,69.7
57261,33.11666667,111.5166667,179.8,132.0,311.8
57265,32.43333333,111.7333333,74.2,13.8,88.0
57268,32.26666667,111.6166667,123.4,1.6,125.0
57271,32.51666667,112.3833333,141.2,40.1,181.29999999999998
57273,32.68333333,112.85,27.8,11.4,39.2
57274,32.7,112.1166667,143.9,61.6,205.5
57278,32.0,112.0833333,148.1,33.9,182.0
57279,32.15,112.75,141.7,60.4,202.1
57281,32.7,113.3,39.6,13.4,53.0
57285,32.38333333,113.4166667,141.3,5.1000000000000005,146.4
57290,32.93333333,113.9166667,236.6,96.4,333.0
57292,32.96666667,114.6333333,50.3,16.599999999999998,66.89999999999999
57293,32.73333333,114.9833333,60.3,0.9,61.199999999999996
57294,32.83333333,114.0166667,142.5,77.39999999999999,219.89999999999998
57295,32.61666667,114.35,197.1,30.4,227.5
57296,32.35,114.7333333,35.6,7.1,42.7
57297,32.13333333,114.05,270.8,69.1,339.9
57298,32.21666667,114.55,164.6,31.7,196.29999999999998
57299,32.01666667,114.9,87.4,32.6,120.0
57303,31.73333333,105.9166667,247.5,60.5,308.0
57306,31.58333333,105.9666667,235.2,47.5,282.7
57307,31.1,105.0833333,184.4,42.2,226.60000000000002
57308,31.21666667,105.3833333,277.4,109.4,386.79999999999995
57309,30.98333333,105.8833333,197.3,55.6,252.9
57313,31.86666667,106.7666667,93.4,9.8,103.2
57314,31.35,106.0666667,161.0,12.5,173.5
57315,31.53333333,106.4,104.2,14.3,118.5
57317,31.03333333,106.4166667,55.9,31.3,87.2
57318,31.06666667,106.55,54.3,36.8,91.1
57320,31.93333333,107.2166667,106.3,11.1,117.39999999999999
57324,31.58333333,107.0833333,115.2,61.6,176.8
57326,31.36666667,107.7166667,88.6,2.4,91.0
57328,31.2,107.5,74.2,6.800000000000001,81.0
57329,31.1,107.85,65.4,0.0,65.4
57333,31.95,108.6666667,125.4,95.0,220.4
57338,31.18333333,108.4166667,16.3,9.6,25.9
57339,30.95,108.6833333,6.5,0.0,6.5
57343,31.9,109.5333333,58.2,35.4,93.6
57345,31.4,109.6166667,10.1,8.6,18.7
57348,31.01666667,109.5333333,24.2,15.9,40.1
57349,31.06666667,109.8666667,18.1,2.2,20.3
57355,31.03333333,110.3666667,29.3,19.2,48.5
57359,31.35,110.7333333,68.5,39.9,108.4
57361,31.88333333,111.2666667,139.6,89.1,228.7
57362,31.75,110.6666667,86.5,20.5,107.0
57363,31.8,111.8333333,76.0,40.0,116.0
57370,31.73333333,112.2166667,110.0,56.0,166.0
57377,31.0,112.2166667,29.3,8.4,37.7
57378,31.16666667,112.5666667,92.7,69.6,162.3
57381,31.61666667,113.3333333,60.1,23.0,83.1
57386,31.25,114.0,87.7,0.0,87.7
57387,31.0,113.1333333,60.2,3.4,63.6
57388,31.26666667,113.7,19.2,0.0,19.2
57389,31.03333333,113.75,74.9,18.6,93.5
57390,31.8,114.0666667,89.8,4.2,94.0
57395,31.56666667,114.1166667,62.7,0.7,63.400000000000006
57396,31.63333333,114.85,106.6,0.6,107.19999999999999
57398,31.28333333,114.6166667,91.7,0.0,91.7
57399,31.13333333,114.95,26.4,0.0,26.4
57401,30.86666667,105.3666667,224.8,21.0,245.8
57402,30.76666667,105.7,148.8,38.3,187.10000000000002
57405,30.5,105.55,64.4,7.1000000000000005,71.5
57407,30.28333333,105.0333333,226.3,51.4,277.7
57408,30.11666667,105.35,79.6,12.2,91.8
57409,30.18333333,105.8,39.3,3.9,43.199999999999996
57411,30.78333333,106.1,110.6,15.3,125.89999999999999
57413,30.85,106.9666667,170.4,70.60000000000001,241.0
57414,30.51666667,106.45,42.9,4.5,47.4
57415,30.53333333,106.6333333,81.6,41.8,123.39999999999999
57416,30.33333333,106.9333333,50.8,10.8,61.599999999999994
57417,30.35,106.2833333,110.3,2.7,113.0
57420,30.75,107.1833333,101.1,8.5,109.6
57425,30.33333333,107.3333333,42.7,1.5,44.2
57431,30.83333333,108.35,16.3,4.0,20.3
57432,30.76666667,108.4,71.1,10.4,81.5
57437,30.3,108.0333333,34.9,0.4,35.3
57438,29.98333333,108.1166667,35.0,4.9,39.9
57439,30.28333333,108.9333333,107.6,59.400000000000006,167.0
57445,30.6,109.7166667,36.4,12.0,48.4
57447,30.28333333,109.4666667,26.8,2.9,29.7
57453,30.76666667,111.3166667,64.7,7.2,71.9
57458,30.2,110.6666667,121.8,31.000000000000004,152.8
57461,30.73333333,111.3666667,60.9,17.2,78.1
57464,30.46666667,111.1833333,113.0,36.0,149.0
57465,30.38333333,111.45,84.9,25.0,109.9
57469,30.18333333,111.7666667,96.9,11.9,108.80000000000001
57475,30.4,112.9,29.4,1.2,30.599999999999998
57476,30.35,112.15,31.5,0.3,31.8
57477,30.06666667,112.2166667,87.8,0.0,87.8
57481,30.95,113.5666667,31.2,3.4000000000000004,34.6
57482,30.9,113.95,55.3,0.2,55.5
57483,30.66666667,113.1333333,86.2,0.0,86.2
57484,30.73333333,112.55,13.1,0.2,13.299999999999999
57485,30.3,113.4833333,73.1,0.0,73.1
57486,30.65,113.85,10.6,0.0,10.6
57489,30.58333333,114.0,56.9,2.9,59.8
57492,30.83333333,114.8333333,18.3,2.5,20.8
57494,30.6,114.05,51.2,1.1,52.300000000000004
57495,30.66666667,114.8833333,39.2,3.4,42.6
57496,30.36666667,114.8666667,29.7,0.8,30.5
57498,30.43333333,114.9,35.4,0.0,35.4
57499,30.06666667,114.8833333,23.8,0.3,24.1
57502,29.7,105.7,101.8,3.0,104.8
57503,29.61666667,105.1166667,73.4,11.7,85.10000000000001
57505,29.41666667,105.5833333,168.5,25.9,194.4
57506,29.36666667,105.9,75.0,1.3,76.3
57507,29.33333333,105.3,143.0,2.0,145.0
57508,29.15,105.3666667,72.5,9.6,82.1
57509,28.95,106.9333333,166.5,34.8,201.3
57510,29.85,106.0666667,169.8,54.7,224.5
57511,29.85,106.45,58.1,7.4,65.5
57512,29.96666667,106.2833333,34.4,3.3,37.699999999999996
57513,29.73333333,106.6166667,102.5,34.0,136.5
57514,29.58333333,106.2166667,59.6,15.7,75.3
57516,29.58333333,106.4666667,147.7,9.5,157.2
57517,29.28333333,106.25,42.0,0.1,42.1
57518,29.33333333,106.5,45.7,2.6,48.300000000000004
57519,29.16666667,107.1166667,110.8,3.8,114.6
57520,29.83333333,107.0666667,62.5,0.0,62.5
57523,29.85,107.7333333,19.0,4.0,23.0
57525,29.31666667,107.75,46.4,3.2,49.6
57536,29.53333333,108.7833333,56.9,13.5,70.4
57537,29.3,108.1666667,31.8,8.2,40.0
57540,29.68333333,109.15,166.1,2.0,168.1
57541,30.0,109.4833333,82.6,11.3,93.89999999999999
57543,29.9,110.0333333,79.0,5.2,84.2
57544,29.46666667,109.45,34.9,2.0,36.9
57545,29.53333333,109.4166667,50.0,16.0,66.0
57554,29.4,110.1666667,69.6,9.6,79.19999999999999
57558,29.13333333,110.4666667,30.2,4.1,34.3
57562,29.58333333,111.3666667,104.9,5.9,110.80000000000001
57564,29.43333333,111.1333333,26.8,20.4,47.2
57565,29.66666667,111.7333333,67.6,4.2,71.8
57566,29.45,111.65,43.2,0.7,43.900000000000006
57571,29.7,112.4,36.3,25.2,61.5
57573,29.83333333,112.9,35.8,0.3,36.099999999999994
57574,29.36666667,112.4,39.6,0.2,39.800000000000004
57575,29.51666667,112.5666667,6.5,0.1,6.6
57577,29.4,112.1666667,12.6,0.0,12.6
57581,29.81666667,113.45,115.0,6.2,121.2
57582,29.71666667,113.8833333,63.5,4.5,68.0
57583,29.91666667,113.9666667,63.9,12.2,76.1
57584,29.38333333,113.0833333,10.9,4.8,15.7
57585,29.48333333,113.45,82.2,22.7,104.9
57586,29.53333333,114.0333333,26.0,0.2,26.2
57589,29.26666667,113.8833333,75.6,14.8,90.39999999999999
57590,29.85,114.3666667,24.0,1.2,25.2
57596,29.63333333,114.2,45.6,8.9,54.5
57598,29.03333333,114.5833333,61.8,22.0,83.8
57600,28.71666667,105.0666667,112.5,42.9,155.4
57603,28.81666667,105.8333333,54.6,28.4,83.0
57606,28.13333333,106.8333333,76.4,2.6,79.0
57608,28.16666667,105.4333333,60.2,12.3,72.5
57612,29.0,106.65,83.9,0.8,84.7
57623,28.88333333,107.6,60.0,0.0,60.0
57625,28.55,107.45,82.3,1.0,83.3
57633,28.81666667,108.7666667,77.6,6.7,84.3
57634,28.51666667,107.8833333,88.6,6.700000000000001,95.3
57635,28.45,108.9833333,22.1,22.0,44.1
57636,28.56666667,108.5,6.2,0.0,6.2
57637,28.25,108.1,37.9,0.0,37.9
57640,28.58333333,109.45,51.9,6.8,58.699999999999996
57642,28.7,109.6333333,12.7,0.0,12.7
57643,29.0,109.8333333,93.4,12.6,106.0
57646,28.61666667,109.95,67.3,11.2,78.5
57647,28.15,109.1833333,36.0,26.0,62.0
57649,28.23333333,109.6833333,16.8,1.1,17.900000000000002
57655,28.46666667,110.4,4.0,2.6,6.6
57657,28.21666667,110.2,17.7,0.7,18.4
57658,28.01666667,110.2,22.1,1.2,23.3
57661,28.91666667,111.4833333,47.4,0.8999999999999999,48.3
57662,29.11666667,111.6833333,4.6,0.2,4.8
57663,28.91666667,111.95,27.9,1.0,28.9
57666,28.51666667,112.1333333,12.9,5.300000000000001,18.200000000000003
57669,28.38333333,111.2166667,17.5,3.8,21.3
57671,28.85,112.3666667,0.1,0.0,0.1
57673,28.68333333,112.8833333,105.4,77.9,183.3
57674,28.56666667,112.3833333,2.0,1.9,3.9
57678,28.25,112.55,32.7,1.4,34.1
57679,28.11666667,112.7833333,17.9,14.999999999999998,32.9
57680,28.8,113.0666667,43.0,22.9,65.9
57682,28.71666667,113.5666667,14.3,4.2,18.5
57687,28.21666667,112.9166667,83.1,0.5,83.6
57688,28.15,113.6333333,37.0,0.0,37.0
57694,28.53333333,114.3833333,42.5,1.8,44.3
57696,28.4,114.7833333,31.5,1.6,33.1
57698,28.11666667,114.45,12.7,0.0,12.7
57699,28.23333333,114.9166667,23.7,2.3,26.0
57707,27.3,105.2833333,138.4,31.4,169.8
57708,27.15,105.6,112.0,7.2,119.2
57710,27.8,106.4,85.0,13.7,98.7
57714,27.46666667,106.2333333,134.2,16.6,150.79999999999998
57717,27.53333333,106.8333333,61.2,12.2,73.4
57718,27.1,106.7166667,99.2,28.8,128.0
57719,27.06666667,106.9666667,101.3,16.9,118.19999999999999
57722,27.76666667,107.4666667,28.5,0.0,28.5
57723,27.98333333,107.7166667,68.5,13.0,81.5
57728,27.06666667,107.4666667,133.3,65.0,198.3
57729,27.23333333,107.8833333,50.5,10.6,61.1
57731,27.95,108.25,47.8,4.7,52.5
57732,28.01666667,108.4,31.3,18.6,49.900000000000006
57734,27.56666667,108.2333333,38.5,32.5,71.0
57735,27.18333333,108.8166667,32.2,7.199999999999999,39.400000000000006
57736,27.7,108.85,63.5,17.4,80.9
57737,27.03333333,108.1166667,87.1,30.5,117.6
57738,27.05,108.4166667,17.3,2.5,19.8
57739,27.23333333,108.9166667,67.1,14.9,82.0
57740,27.95,109.6,21.6,6.2,27.8
57741,27.71666667,109.1833333,38.6,7.8,46.4
57742,27.51666667,109.2,9.4,0.2,9.6
57743,27.88333333,109.8,77.7,12.2,89.9
57744,27.36666667,109.1666667,5.3,1.7000000000000002,7.0
57745,27.45,109.6833333,6.1,2.7,8.8
57752,27.91666667,110.6,16.5,5.5,22.0
57754,27.35,110.15,34.2,26.4,60.6
57760,27.7,111.4333333,92.5,47.2,139.7
57761,27.75,111.3,11.2,5.6,16.799999999999997
57762,27.68333333,111.7,39.1,4.9,44.0
57763,27.68333333,112.0,29.8,0.0,29.8
57771,27.93333333,112.5333333,39.7,5.4,45.1
57772,27.75,112.5,84.3,39.5,123.8
57773,27.86666667,112.8166667,58.4,9.1,67.5
57774,27.45,112.1666667,31.9,16.0,47.9
57776,27.3,112.7,36.2,7.699999999999999,43.900000000000006
57777,27.23333333,112.8666667,19.4,4.4,23.799999999999997
57778,27.1,112.95,25.5,14.7,40.2
57779,27.0,113.35,26.2,16.1,42.3
57780,27.86666667,113.1666667,3.0,1.6,4.6
57781,27.65,113.5,49.7,5.4,55.1
57783,27.88333333,113.8166667,24.2,8.5,32.7
57786,27.63333333,113.85,21.8,20.2,42.0
57789,27.13333333,113.95,45.3,2.7,48.0
57792,27.81666667,114.6833333,3.8,2.7,6.5
57793,27.8,114.3833333,26.6,14.6,41.2
57794,27.63333333,114.0166667,24.1,0.8,24.900000000000002
57796,27.83333333,114.8833333,44.6,0.0,44.6
57798,27.4,114.6,13.2,0.0,13.2
57799,27.05,114.9166667,15.2,13.9,29.1
57800,26.76666667,105.3666667,99.7,23.6,123.30000000000001
57803,27.03333333,106.0166667,146.7,15.3,162.0
57805,26.68333333,105.7666667,157.1,15.999999999999998,173.1
57806,26.25,105.9,64.2,36.0,100.2
57807,26.2,105.4666667,94.9,31.2,126.10000000000001
57808,26.31666667,105.75,77.7,10.6,88.3
57809,26.06666667,105.75,85.6,17.4,103.0
57811,26.83333333,106.6,98.0,9.4,107.4
57814,26.41666667,106.2666667,16.6,12.8,29.400000000000002
57816,26.58333333,106.7333333,25.0,3.6,28.6
57821,26.7,107.5,109.9,11.2,121.10000000000001
57822,26.9,107.9,86.1,5.4,91.5
57824,26.58333333,107.2333333,76.8,29.000000000000004,105.8
57825,26.6,107.9833333,35.0,5.4,40.4
57827,26.31666667,107.5333333,135.5,41.1,176.6
57828,26.5,107.5833333,63.0,28.0,91.0
57829,26.2,107.8,198.6,109.9,308.5
57832,26.96666667,108.6666667,19.8,7.9,27.700000000000003
57834,26.68333333,108.3,17.1,5.1000000000000005,22.200000000000003
57835,26.71666667,108.4333333,9.0,0.6,9.6
57837,26.4,108.0666667,96.3,14.5,110.8
57839,26.23333333,109.15,23.5,11.0,34.5
57840,26.9,109.2,26.8,4.3,31.1
57844,26.68333333,109.1833333,0.7,0.7,1.4
57845,26.16666667,109.7833333,107.8,23.2,131.0
57859,26.03333333,110.6333333,16.5,12.9,29.4
57865,26.46666667,111.5833333,18.1,18.1,36.2
57866,26.23333333,111.6166667,33.0,8.7,41.7
57867,26.4,111.2833333,23.6,6.4,30.0
57868,26.6,111.8666667,0.2,0.2,0.4
57870,26.8,112.1,0.2,0.2,0.4
57871,26.98333333,112.3666667,0.2,0.0,0.2
57872,26.9,112.6,21.5,2.3,23.8
57874,26.41666667,112.4,48.3,0.0,48.3
57875,26.75,112.6833333,1.7,1.7,3.4
57876,26.43333333,112.8333333,46.9,5.8,52.699999999999996
57881,26.71666667,113.25,16.3,3.8,20.1
57882,26.78333333,113.55,116.4,52.6,169.0
57883,26.75,114.2833333,36.6,14.0,50.6
57886,26.48333333,113.8,63.6,5.7,69.3
57887,26.11666667,113.1166667,41.6,1.2,42.800000000000004
57889,26.08333333,113.95,68.9,19.8,88.7
57891,26.93333333,114.25,6.4,0.0,6.4
57894,26.58333333,114.1666667,114.5,38.5,153.0
57895,26.46666667,114.7833333,89.0,0.3,89.3
57896,26.33333333,114.5,32.5,10.3,42.8
57899,26.8,114.9166667,23.8,2.5,26.3
57900,25.83333333,105.2166667,99.8,14.6,114.39999999999999
57902,25.43333333,105.1833333,124.5,43.4,167.9
57903,25.93333333,105.6,84.4,6.1,90.5
57905,25.4,105.6333333,95.0,6.3,101.3
57906,25.18333333,106.0833333,82.1,18.1,100.19999999999999
57907,25.08333333,104.9,57.3,6.1,63.4
57908,25.11666667,105.4833333,87.4,37.2,124.60000000000001
57909,24.98333333,105.8166667,122.1,30.5,152.6
57910,25.76666667,106.0833333,76.4,39.7,116.10000000000001
57911,26.66666667,106.65,6.0,0.9,6.9
57912,26.13333333,106.6333333,98.5,9.9,108.4
57913,26.45,106.9833333,83.8,42.0,125.8
57914,26.41666667,106.6666667,53.9,11.1,65.0
57915,26.63333333,106.7666667,20.9,0.2,21.099999999999998
57916,25.43333333,106.7666667,77.6,11.1,88.69999999999999
57921,25.83333333,107.3166667,64.5,8.8,73.3
57922,25.83333333,107.55,110.8,18.1,128.9
57923,25.98333333,107.8666667,119.2,73.2,192.4
57926,25.41666667,107.8833333,29.6,25.1,54.7
57927,24.96666667,107.1833333,55.8,55.8,111.6
57932,25.96666667,108.5333333,56.9,45.0,101.9
57936,25.75,108.9166667,2.2,1.5,3.7
57941,25.78333333,109.6,5.7,5.7,11.4
57942,25.8,110.0,74.8,51.3,126.1
57947,25.21666667,109.4,19.8,1.9,21.7
57948,25.08333333,109.25,23.1,21.0,44.1
57949,24.98333333,110.0,33.2,32.8,66.0
57954,25.23333333,110.1833333,28.6,2.8,31.400000000000002
57955,25.61666667,110.6666667,12.9,5.5,18.4
57956,25.41666667,110.3166667,117.0,2.5,119.5
57957,25.31666667,110.3,62.3,8.2,70.5
57960,25.93333333,111.0666667,34.4,17.2,51.599999999999994
57962,25.96666667,111.65,22.3,4.2,26.5
57964,25.5,111.15,19.6,9.2,28.8
57965,25.53333333,111.6,0.9,0.9,1.8
57966,25.6,111.9666667,26.3,10.6,36.9
57969,25.26666667,111.3333333,52.4,0.7,53.1
57971,25.91666667,112.2,29.0,3.6,32.6
57972,25.8,113.0333333,40.4,0.4,40.8
57973,25.75,112.7166667,43.2,23.4,66.6
57974,25.58333333,112.3666667,53.9,5.799999999999999,59.699999999999996
57975,25.38333333,112.2,12.7,0.2,12.899999999999999
57976,25.41666667,112.95,43.1,7.4,50.5
57978,25.28333333,112.55,16.2,2.8,19.0
57981,25.98333333,113.2166667,43.6,4.5,48.1
57985,25.56666667,113.6833333,35.6,15.9,51.5
57988,25.15,113.35,64.0,40.2,104.2
57989,25.06666667,113.7666667,35.3,5.0,40.3
57990,25.7,114.3,29.5,16.3,45.8
57991,25.8,114.55,22.4,21.1,43.5
57992,25.66666667,114.75,31.5,11.8,43.3
57993,25.86666667,115.0,46.1,9.6,55.7
57994,25.4,114.35,78.9,26.0,104.9
57995,25.4,114.9333333,84.6,30.9,115.5
57996,25.08333333,114.25,19.3,2.1,21.400000000000002
58001,34.43333333,115.1,50.9,44.9,95.8
58002,34.85,115.5833333,38.4,18.2,56.599999999999994
58003,34.95,115.8833333,113.5,3.9,117.4
58004,34.65,115.15,55.6,46.7,102.30000000000001
58005,34.45,115.6666667,27.6,8.7,36.3
58006,34.38333333,115.8833333,112.5,1.4,113.9
58007,34.06666667,115.3,44.7,12.2,56.900000000000006
58008,34.46666667,115.3333333,35.3,19.4,54.699999999999996
58011,34.8,116.0666667,76.6,0.3,76.89999999999999
58012,34.68333333,116.5833333,161.0,0.4,161.4
58013,34.75,116.9,114.4,0.0,114.4
58015,34.45,116.3333333,195.9,0.0,195.9
58016,34.18333333,116.9666667,171.6,0.0,171.6
58017,34.25,116.1333333,113.1,0.2,113.3
58020,34.8,117.1333333,122.2,0.5,122.7
58021,34.78333333,117.2833333,106.6,0.0,106.6
58022,34.75,117.5666667,118.2,0.0,118.2
58024,34.86666667,117.5833333,110.0,0.0,110.0
58025,34.56666667,117.7333333,131.8,0.0,131.8
58026,34.4,118.0166667,168.7,0.5,169.2
58027,34.28333333,117.15,188.8,0.0,188.8
58030,34.88333333,118.0166667,107.0,10.3,117.3
58032,34.93333333,118.65,99.5,15.4,114.9
58035,34.33333333,118.35,183.7,0.6,184.29999999999998
58036,34.55,118.7166667,147.3,6.4,153.70000000000002
58038,34.08333333,118.7833333,239.3,6.9,246.20000000000002
58040,34.85,119.1333333,96.7,4.6,101.3
58041,34.78333333,119.4333333,122.1,1.1,123.19999999999999
58044,34.53333333,119.2333333,145.6,4.5,150.1
58045,34.2,119.6,188.4,5.5,193.9
58047,34.25,119.2333333,216.6,12.6,229.2
58048,34.11666667,119.35,200.1,8.9,209.0
58049,34.01666667,119.8,130.6,4.4,135.0
58100,33.65,115.1666667,179.7,8.1,187.79999999999998
58101,33.86666667,115.4833333,96.3,6.7,103.0
58102,33.86666667,115.7666667,170.5,1.0,171.5
58104,33.4,115.0666667,232.3,2.9,235.20000000000002
58107,33.01666667,115.2833333,42.9,0.0,42.9
58108,33.23333333,115.3333333,171.9,0.2,172.1
58109,33.18333333,115.6166667,97.0,0.0,97.0
58111,33.96666667,116.45,206.0,0.0,206.0
58112,30.73333333,116.45,186.3,20.1,206.4
58113,33.93333333,116.75,155.2,0.0,155.2
58114,33.48333333,116.1833333,98.8,0.0,98.8
58116,33.98333333,116.8333333,272.2,0.0,272.2
58117,33.13333333,116.2,59.6,0.0,59.6
58118,33.26666667,116.5166667,71.7,0.0,71.7
58122,33.63333333,116.9833333,208.6,0.0,208.6
58125,33.58333333,117.5166667,184.0,4.9,188.9
58126,33.46666667,117.8666667,204.9,16.200000000000003,221.10000000000002
58127,32.98333333,117.2,101.4,0.0,101.4
58128,33.33333333,117.35,222.9,0.0,222.9
58129,33.15,117.8333333,106.9,5.8,112.7
58130,33.93333333,117.95,162.4,4.5,166.9
58131,33.96666667,118.2166667,175.2,1.1,176.29999999999998
58132,33.71666667,118.6833333,246.1,10.5,256.6
58135,33.48333333,118.2166667,156.8,4.6,161.4
58138,32.98333333,118.5166667,153.2,13.5,166.7
58139,33.3,118.9166667,116.5,5.5,122.0
58140,33.76666667,119.3,101.3,3.8,105.1
58141,33.63333333,118.9333333,120.3,8.100000000000001,128.4
58143,33.8,119.85,173.8,6.8,180.60000000000002
58145,33.5,119.15,111.2,1.9,113.10000000000001
58146,33.46666667,119.7666667,79.9,7.699999999999999,87.60000000000001
58147,32.98333333,118.9666667,93.6,15.0,108.6
58148,33.23333333,119.3,58.8,15.0,73.8
58150,33.75,120.3,35.8,6.8,42.599999999999994
58154,33.43333333,120.2,58.3,26.7,85.0
58158,33.2,120.4833333,123.7,43.8,167.5
58202,32.66666667,115.5666667,41.9,0.0,41.9
58203,32.86666667,115.7333333,61.5,0.0,61.5
58205,32.46666667,115.4333333,45.8,0.0,45.8
58207,32.16666667,115.05,71.1,0.8,71.89999999999999
58208,32.16666667,115.6166667,159.7,9.5,169.2
58210,32.65,116.2333333,12.2,0.4,12.6
58212,32.71666667,116.7666667,83.3,0.0,83.3
58214,32.33333333,116.2833333,20.4,2.6,23.0
58215,32.43333333,116.7833333,70.6,0.6,71.19999999999999
58220,32.46666667,117.15,97.3,0.0,97.3
58221,32.85,117.3,187.1,3.0,190.1
58222,32.85,117.55,175.0,2.6,177.6
58223,32.8,117.9833333,170.2,10.7,180.89999999999998
58224,32.65,117.0166667,192.6,1.6,194.2
58225,32.53333333,117.6666667,146.8,9.1,155.9
58234,32.46666667,118.4166667,1000121.3,10.9,1000132.2000000001
58235,32.36666667,118.85,297.4,73.0,370.4
58236,32.35,118.25,111.3,7.4,118.7
58237,32.06666667,118.5833333,183.8,48.8,232.60000000000002
58238,31.93333333,118.9,78.5,33.6,112.1
58240,32.68333333,119.0166667,103.9,26.2,130.1
58241,32.8,119.45,112.0,57.7,169.7
58242,32.3,119.1666667,94.5,53.6,148.1
58243,32.95,119.8166667,156.6,53.0,209.6
58244,32.45,119.5833333,111.8,35.2,147.0
58245,32.41666667,119.4166667,83.2,36.1,119.30000000000001
58246,32.55,120.0,109.3,50.2,159.5
58247,32.26666667,119.8,64.6,41.7,106.3
58249,32.16666667,120.0,63.3,40.6,103.9
58250,32.51666667,120.15,62.7,44.9,107.6
58251,32.85,120.2833333,162.1,111.5,273.6
58252,32.18333333,119.4666667,84.7,43.9,128.6
58254,32.51666667,120.45,89.4,58.6,148.0
58255,32.36666667,120.5666667,60.5,49.8,110.3
58257,31.98333333,120.25,128.2,66.6,194.79999999999998
58259,32.08333333,120.9833333,74.0,70.2,144.2
58264,32.33333333,121.1833333,66.5,66.5,133.0
58265,32.06666667,121.6,45.3,44.0,89.3
58268,32.1,121.0833333,66.6,65.7,132.3
58269,31.78333333,121.65,87.9,81.7,169.60000000000002
58301,31.81666667,115.3833333,151.4,39.9,191.3
58306,31.68333333,115.8833333,219.3,9.2,228.5
58311,31.73333333,116.5,91.7,18.0,109.7
58314,31.4,116.3166667,98.8,34.1,132.9
58316,31.46666667,116.9166667,48.3,2.4,50.699999999999996
58317,30.86666667,116.3666667,162.5,0.0,162.5
58319,31.06666667,116.95,62.5,3.3000000000000003,65.8
58320,31.73333333,117.1333333,40.9,0.7000000000000001,41.6
58321,31.78333333,117.3,160.1,5.0,165.1
58323,31.88333333,117.4666667,105.1,1.8,106.89999999999999
58326,31.58333333,117.8333333,42.6,17.2,59.8
58327,31.26666667,117.2833333,49.2,6.6000000000000005,55.800000000000004
58329,31.33333333,117.8666667,90.3,18.2,108.5
58330,31.75,118.0833333,124.8,35.9,160.7
58331,31.73333333,118.3666667,138.2,39.0,177.2
58334,31.38333333,118.3666667,54.9,18.9,73.8
58335,31.56666667,118.5166667,77.1,22.5,99.6
58336,31.7,118.5666667,82.1,41.5,123.6
58337,31.08333333,118.1833333,70.4,46.7,117.10000000000001
58338,31.15,118.5833333,52.9,43.6,96.5
58339,31.33333333,118.9,62.2,30.8,93.0
58340,31.65,119.0333333,105.7,34.3,140.0
58341,31.98333333,119.6,78.2,37.0,115.2
58342,31.71666667,119.55,111.4,36.5,147.9
58344,31.96666667,119.2,103.9,34.9,138.8
58345,31.43333333,119.4833333,102.5,56.3,158.8
58346,31.33333333,119.8166667,66.2,52.9,119.1
58349,31.41666667,120.5666667,66.1,64.3,130.39999999999998
58351,31.9,120.3,130.8,74.4,205.20000000000002
58352,31.65,120.7666667,63.9,63.7,127.6
58353,31.86666667,120.5666667,57.5,53.9,111.4
58354,31.61666667,120.35,53.1,39.4,92.5
58356,31.4,121.0,93.9,93.9,187.8
58358,31.06666667,120.4333333,60.8,60.8,121.6
58359,31.13333333,120.6166667,92.7,92.7,185.4
58360,31.91666667,121.2,69.6,68.9,138.5
58361,31.1,121.3666667,215.3,215.3,430.6
58362,31.4,121.45,115.8,115.8,231.6
58365,31.36666667,121.25,91.8,91.8,183.6
58366,31.66666667,121.5,99.4,99.4,198.8
58367,31.2,121.4333333,218.2,218.2,436.4
58369,31.05,121.7833333,251.5,251.5,503.0
58370,31.23333333,121.5333333,196.7,196.7,393.4
58377,31.51666667,121.1,66.2,66.2,132.4
58401,30.75,115.4,29.5,1.5,31.0
58402,30.73333333,115.6666667,22.0,0.0,22.0
58404,30.46666667,115.2166667,65.9,1.6,67.5
58408,30.23333333,115.4333333,51.5,7.8,59.3
58409,30.1,115.9333333,48.0,1.5,49.5
58417,30.16666667,116.1333333,77.5,3.3,80.8
58429,30.98333333,117.85,136.9,17.7,154.6
58431,30.9,118.3166667,36.5,30.5,67.0
58432,30.68333333,118.4,81.2,51.3,132.5
58433,30.93333333,118.75,65.4,55.7,121.10000000000001
58435,30.3,118.5333333,97.6,71.4,169.0
58436,30.61666667,118.9833333,210.2,102.6,312.79999999999995
58437,30.13333333,118.15,244.7,210.6,455.29999999999995
58441,30.86666667,119.4166667,138.6,71.2,209.8
58442,31.16666667,119.1833333,111.7,60.8,172.5
58443,31.01666667,119.9,63.1,59.3,122.4
58446,30.63333333,119.7,192.0,179.7,371.7
58448,30.21666667,119.7,165.0,160.70000000000002,325.70000000000005
58449,30.05,119.95,237.0,216.8,453.8
58450,30.86666667,120.05,143.2,143.2,286.4
58451,30.83333333,120.9333333,183.0,182.8,365.8
58452,30.73333333,120.7666667,174.1,173.7,347.79999999999995
58453,30.06666667,120.5,404.4,404.4,808.8
58454,30.53333333,119.9833333,186.2,186.0,372.2
58455,30.51666667,120.65,160.3,160.3,320.6
58456,30.63333333,120.5166667,148.8,148.8,297.6
58457,30.23333333,120.1666667,252.5,252.5,505.0
58458,30.53333333,120.9,200.9,200.9,401.8
58459,30.18333333,120.2833333,216.1,216.0,432.1
58460,30.73333333,121.35,314.8,313.7,628.5
58461,31.13333333,121.1166667,143.5,143.5,287.0
58462,31.03333333,121.2333333,207.9,207.9,415.8
58463,30.88333333,121.5,319.6,319.6,639.2
58464,30.65,121.1166667,237.7,237.7,475.4
58467,30.2,121.2666667,298.3,298.3,596.6
58468,30.05,121.1666667,389.1,384.0,773.1
58472,30.73333333,122.45,240.9,240.9,481.8
58477,30.03333333,122.1,385.5,384.8,770.3
58484,30.25,122.2,382.0,377.8,759.8
58500,29.85,115.2,51.9,8.6,60.5
58501,29.91666667,115.6333333,48.7,1.4,50.1
58502,29.73333333,116.0,32.3,0.1,32.4
58503,29.7,115.6666667,30.0,4.8,34.8
58505,29.61666667,115.9,26.4,0.9,27.299999999999997
58506,29.58333333,115.9833333,51.8,2.8,54.599999999999994
58507,29.25,115.1166667,79.4,0.0,79.4
58508,29.33333333,115.7666667,76.5,0.0,76.5
58509,29.05,115.8166667,66.1,0.0,66.1
58510,29.73333333,116.2333333,61.1,0.0,61.1
58512,29.9,116.55,26.0,0.0,26.0
58514,29.45,116.05,52.9,0.0,52.9
58517,29.26666667,116.2,50.5,3.5,54.0
58519,29.0,116.6833333,38.2,1.2,39.400000000000006
58520,29.85,117.7166667,29.1,13.4,42.5
58523,29.93333333,117.9333333,33.2,8.5,41.7
58524,29.36666667,117.2166667,60.9,0.0,60.9
58527,29.3,117.2,16.5,3.5,20.0
58529,29.26666667,117.85,15.2,7.3,22.5
58530,29.86666667,118.4333333,31.4,14.1,45.5
58531,29.71666667,118.2833333,24.1,21.3,45.400000000000006
58534,29.78333333,118.1833333,14.3,7.7,22.0
58537,29.13333333,118.4,9.3,4.7,14.0
58542,29.81666667,119.6833333,163.0,154.5,317.5
58543,29.61666667,119.0166667,43.9,28.6,72.5
58544,29.48333333,119.2666667,57.1,54.5,111.6
58546,29.46666667,119.8833333,99.5,97.0,196.5
58547,29.03333333,119.1833333,57.9,43.1,101.0
58548,29.21666667,119.4666667,60.0,59.9,119.9
58549,29.11666667,119.65,72.4,72.0,144.4
58550,29.7,120.25,240.4,239.6,480.0
58553,30.05,120.8166667,248.4,248.4,496.8
58555,29.51666667,120.8833333,192.6,190.2,382.79999999999995
58556,29.6,120.8166667,150.1,150.1,300.2
58557,29.33333333,120.0833333,78.6,78.6,157.2
58558,29.26666667,120.2166667,109.0,109.0,218.0
58559,29.16666667,120.9833333,140.7,139.6,280.29999999999995
58560,29.05,120.4333333,208.0,208.0,416.0
58561,29.98333333,121.6,310.7,310.2,620.9
58562,29.78333333,121.55,265.6,261.6,527.2
58563,29.88333333,121.8333333,244.9,238.0,482.9
58565,29.7,121.3833333,363.4,358.7,722.0999999999999
58566,29.46666667,121.8833333,247.8,242.2,490.0
58567,29.31666667,121.4333333,275.7,236.9,512.6
58568,29.11666667,121.3833333,296.7,248.4,545.1
58569,29.2,121.95,194.8,190.7,385.5
58570,29.95,122.3,243.1,243.0,486.1
58600,28.86666667,115.3666667,85.2,0.0,85.2
58601,28.7,115.3833333,128.7,0.8,129.5
58602,28.85,115.55,84.3,0.1,84.39999999999999
58605,28.41666667,115.3833333,171.7,0.0,171.7
58606,28.6,115.9166667,153.4,12.0,165.4
58607,28.55,115.95,59.1,5.2,64.3
58608,28.06666667,115.55,71.8,14.6,86.39999999999999
58609,28.21666667,115.8166667,112.3,0.2,112.5
58612,28.7,116.6833333,8.1,1.3,9.4
58614,28.38333333,116.2666667,53.2,13.9,67.10000000000001
58615,28.68333333,117.0833333,15.9,6.9,22.8
58616,28.2,116.8166667,38.5,16.0,54.5
58618,28.26666667,116.6,52.7,22.7,75.4
58619,28.0,116.3666667,30.8,21.0,51.8
58620,29.01666667,117.1,27.7,10.8,38.5
58622,28.95,117.5833333,41.5,0.6,42.1
58623,28.46666667,117.9166667,2.3,2.3000000000000003,4.6
58624,28.4,117.4333333,18.8,12.1,30.9
58625,28.41666667,117.6,3.6,3.4000000000000004,7.0
58626,28.31666667,117.25,29.4,21.3,50.7
58627,28.25,117.0333333,32.3,29.4,61.699999999999996
58629,28.28333333,117.7,19.3,16.9,36.2
58631,28.9,118.5,35.8,35.8,71.6
58632,28.71666667,118.6,16.0,16.0,32.0
58634,28.68333333,118.25,6.0,6.0,12.0
58635,28.43333333,118.2,7.6,7.6,15.2
58637,28.45,117.9833333,1.4,1.4,2.8
58642,28.88333333,119.8,34.4,34.4,68.8
58643,28.9,120.0333333,33.2,26.4,59.6
58644,28.6,119.2833333,10.3,10.2,20.5
58646,28.45,119.9166667,63.4,61.5,124.9
58647,28.08333333,119.1333333,15.1,14.9,30.0
58648,28.0,119.6333333,19.3,18.3,37.6
58652,28.86666667,120.7166667,91.6,91.0,182.6
58654,28.66666667,120.0833333,102.0,102.0,204.0
58656,28.06666667,120.9666667,62.2,59.0,121.2
58657,28.15,120.2833333,62.9,57.3,120.19999999999999
58658,28.15,120.6833333,74.7,72.7,147.4
58659,28.03333333,120.65,93.6,81.6,175.2
58660,28.86666667,121.2,181.5,169.6,351.1
58664,28.36666667,121.3666667,169.8,153.8,323.6
58665,28.61666667,121.4166667,65.4,65.4,130.8
58666,28.45,121.9,117.6,116.8,234.39999999999998
58667,28.08333333,121.2666667,46.6,46.6,93.2
58693,28.7,115.8333333,85.5,3.3,88.8
58701,27.76666667,115.4,25.6,0.1,25.700000000000003
58704,27.61666667,115.35,62.5,4.199999999999999,66.7
58705,27.33333333,115.4166667,29.6,0.0,29.6
58706,27.43333333,115.8333333,79.5,21.4,100.9
58707,27.21666667,115.1333333,32.7,0.1,32.800000000000004
58710,27.76666667,116.05,14.9,14.9,29.8
58712,27.91666667,116.7833333,61.6,9.1,70.7
58713,27.71666667,117.0666667,50.6,32.9,83.5
58714,27.55,116.2333333,43.1,19.8,62.900000000000006
58715,27.58333333,116.65,29.1,7.0,36.1
58718,27.21666667,116.5333333,0.0,0.0,0.0
58719,27.3,116.9333333,3.4,0.3,3.6999999999999997
58724,27.53333333,117.3166667,0.6,0.6000000000000001,1.2000000000000002
58725,27.33333333,117.4666667,1.0,1.0,2.0
58730,27.76666667,118.0333333,3.9,2.1,6.0
58731,27.91666667,118.5333333,1.4,1.2,2.5999999999999996
58734,27.33333333,118.1166667,1.0,0.9,1.9
58735,27.51666667,118.75,8.5,8.5,17.0
58736,27.38333333,118.8166667,10.9,10.5,21.4
58737,27.05,118.3166667,23.2,17.0,40.2
58742,28.11666667,119.55,39.9,38.1,78.0
58744,27.45,119.4166667,43.4,26.1,69.5
58745,27.61666667,119.0833333,7.0,5.800000000000001,12.8
58746,27.55,119.7,52.9,48.8,101.69999999999999
58747,27.15,119.35,81.1,61.8,142.89999999999998
58748,27.1,119.65,14.0,11.4,25.4
58749,27.23333333,119.8833333,73.5,60.0,133.5
58750,27.78333333,120.0833333,48.7,35.6,84.30000000000001
58751,27.66666667,120.5666667,81.6,70.3,151.89999999999998
58752,27.78333333,120.65,46.4,45.2,91.6
58754,27.33333333,120.2,55.9,43.8,99.69999999999999
58804,26.35,115.35,43.1,21.0,64.1
58806,26.48333333,116.0166667,23.8,0.7,24.5
58813,26.85,116.3333333,1.9,0.0,1.9
58814,26.35,116.35,7.3,0.0,7.3
58818,26.23333333,116.6333333,17.3,0.0,17.3
58819,26.18333333,116.8166667,28.4,2.6,31.0
58820,26.9,117.1666667,6.3,4.6,10.899999999999999
58822,26.83333333,116.85,2.5,1.0,3.5
58823,26.8,117.8,10.6,5.300000000000001,15.9
58824,26.4,117.15,8.8,3.7,12.5
58826,26.4,117.8,3.2,3.2,6.4
58828,26.26666667,117.6166667,21.9,21.9,43.8
58836,26.58333333,118.7333333,17.5,16.8,34.3
58837,26.15,118.15,9.1,8.8,17.9
58839,26.23333333,118.85,8.7,8.700000000000001,17.4
58843,26.88333333,120.0166667,34.8,30.6,65.4
58844,26.15,119.15,8.9,8.200000000000001,17.1
58845,26.5,119.5333333,36.8,32.2,69.0
58846,26.66666667,119.5166667,41.1,31.4,72.5
58847,26.08333333,119.2833333,7.0,7.0,14.0
58848,26.2,119.55,33.3,33.0,66.3
58850,26.91666667,120.2333333,43.4,37.7,81.1
58903,25.9,116.0333333,68.6,8.5,77.1
58905,25.96666667,115.4166667,8.4,1.3,9.700000000000001
58906,25.6,115.8,55.5,21.5,77.0
58907,25.15,115.4,103.8,17.2,121.0
58911,25.85,116.3666667,78.5,0.6,79.1
58917,25.08333333,116.1,56.5,26.4,82.9
58918,25.05,116.4166667,60.5,7.6,68.1
58923,25.7,117.8333333,33.4,18.2,51.599999999999994
58926,25.3,117.4166667,24.2,9.0,33.2
58927,25.05,117.0166667,31.8,0.6000000000000001,32.4
58928,25.01666667,117.5333333,116.1,9.2,125.3
58929,25.06666667,118.15,19.8,10.9,30.700000000000003
58931,25.71666667,118.1,54.8,31.200000000000003,86.0
58932,25.86666667,118.9333333,12.8,12.0,24.8
58934,25.33333333,118.2666667,46.4,6.5,52.9
58935,25.48333333,118.2333333,64.5,10.4,74.9
58938,25.23333333,118.9833333,3.2,2.5,5.7
58941,25.96666667,119.5,19.3,19.0,38.3
58942,25.71666667,119.3833333,6.7,6.699999999999999,13.399999999999999
58944,25.51666667,119.7833333,2.0,1.0,3.0
58946,25.45,119.0,7.6,7.6,15.2
59001,24.78333333,105.3333333,130.8,30.6,161.4
59004,24.5,105.1,215.6,44.4,260.0
59007,24.06666667,105.0666667,144.6,52.6,197.2
59012,24.78333333,106.55,104.3,85.80000000000001,190.10000000000002
59015,24.35,106.5666667,96.9,72.9,169.8
59017,24.26666667,106.2666667,84.9,35.4,120.30000000000001
59021,24.55,107.0333333,35.9,34.6,70.5
59023,24.7,108.0333333,75.7,60.4,136.1
59025,24.53333333,107.3833333,18.4,12.5,30.9
59027,24.13333333,107.25,44.1,40.5,84.6
59031,24.81666667,108.2666667,75.4,66.4,141.8
59034,24.48333333,108.6666667,72.0,38.0,110.0
59037,23.93333333,108.1,78.4,62.6,141.0
59038,24.06666667,108.65,120.7,94.3,215.0
59041,24.65,109.25,37.3,32.3,69.6
59044,24.46666667,109.3833333,1.7,1.1,2.8
59045,24.48333333,109.75,10.2,8.6,18.799999999999997
59046,24.35,109.4,16.8,7.6,24.4
59047,24.25,109.3333333,35.3,30.1,65.4
59052,24.83333333,110.8166667,13.3,5.9,19.200000000000003
59053,24.61666667,110.6666667,19.7,10.5,30.2
59055,24.5,110.4,12.8,1.9,14.700000000000001
59057,24.13333333,110.1833333,69.6,21.9,91.5
59058,24.2,110.5166667,19.7,9.8,29.5
59059,24.18333333,110.8,98.0,15.0,113.0
59063,25.18333333,111.45,60.3,15.5,75.8
59065,24.41666667,111.5,74.0,3.4000000000000004,77.4
59071,24.73333333,112.2833333,35.1,30.0,65.1
59072,24.8,112.3666667,23.1,13.2,36.3
59074,24.56666667,112.15,16.1,1.4,17.5
59075,24.48333333,112.6333333,21.7,14.8,36.5
59081,24.78333333,113.2833333,51.5,42.3,93.8
59082,24.66666667,113.6,24.8,4.9,29.700000000000003
59087,23.88333333,113.5166667,79.4,8.1,87.5
59088,24.18333333,113.4166667,93.0,25.1,118.1
59090,24.95,114.0666667,49.9,13.6,63.5
59091,24.75,114.5166667,63.0,19.2,82.2
59092,24.91666667,114.8166667,88.2,34.1,122.30000000000001
59093,24.78333333,115.0333333,54.1,18.6,72.7
59094,24.35,114.1166667,17.1,5.8,22.900000000000002
59096,24.36666667,114.4833333,26.1,16.700000000000003,42.800000000000004
59097,24.05,114.2,75.4,34.800000000000004,110.20000000000002
59099,24.45,114.9333333,21.3,6.0,27.3
59102,24.95,115.65,45.7,22.9,68.6
59106,24.58333333,115.9,45.2,1.8,47.0
59107,24.11666667,115.2833333,67.4,9.7,77.10000000000001
59109,24.15,115.7333333,43.2,24.6,67.80000000000001
59113,24.73333333,116.7166667,14.8,12.0,26.8
59114,24.65,116.1666667,26.0,16.9,42.9
59116,24.33333333,116.7,27.1,7.399999999999999,34.5
59117,24.28333333,116.0666667,43.3,18.6,61.9
59122,24.61666667,117.75,81.7,43.8,125.5
59124,24.51666667,117.3833333,78.7,33.2,111.9
59125,24.38333333,117.3,105.5,36.5,142.0
59127,24.43333333,117.8333333,135.6,70.6,206.2
59129,24.13333333,117.6,101.3,37.5,138.8
59130,24.73333333,118.15,59.6,24.1,83.7
59131,24.96666667,118.3666667,76.2,7.300000000000001,83.5
59133,24.9,118.9166667,3.8,1.9,5.699999999999999
59134,24.48333333,118.0666667,65.5,13.0,78.5
59205,23.65,105.6333333,117.1,56.9,174.0
59209,23.41666667,105.8333333,116.6,22.1,138.7
59211,23.9,106.6,68.0,51.6,119.6
59215,23.33333333,106.6333333,43.8,25.3,69.1
59218,23.13333333,106.4166667,33.3,13.2,46.5
59224,23.6,107.1166667,41.0,35.4,76.4
59227,23.11666667,107.1333333,134.2,48.7,182.89999999999998
59228,23.31666667,107.5833333,54.8,54.8,109.6
59229,23.16666667,107.7,50.2,50.2,100.4
59230,23.71666667,108.1666667,32.9,32.9,65.8
59235,23.43333333,108.6166667,91.9,83.6,175.5
59237,23.16666667,108.2833333,83.8,81.10000000000001,164.9
59238,23.21666667,108.8,63.8,63.8,127.6
59241,23.96666667,109.6833333,57.1,42.8,99.9
59242,23.75,109.2333333,18.3,17.900000000000002,36.2
59246,23.6,109.6666667,31.0,30.6,61.6
59255,23.55,110.3833333,25.7,22.8,48.5
59256,23.36666667,110.9166667,31.9,29.2,61.099999999999994
59264,23.4,111.5,57.9,37.4,95.3
59265,23.48333333,111.3,42.1,29.0,71.1
59266,23.41666667,111.2333333,45.0,31.6,76.6
59268,23.25,111.5333333,42.7,38.7,81.4
59269,23.16666667,111.7833333,75.7,70.8,146.5
59270,23.91666667,112.1833333,5.2,3.4000000000000004,8.600000000000001
59271,23.63333333,112.4333333,53.0,12.0,65.0
59276,23.35,112.65,58.7,34.2,92.9
59278,23.03333333,112.45,58.7,36.2,94.9
59279,23.18333333,112.8666667,59.0,27.9,86.9
59280,23.71666667,113.0833333,6.8,0.1,6.8999999999999995
59284,23.41666667,113.2333333,15.9,3.4,19.3
59285,23.56666667,113.6,14.5,3.6,18.1
59287,23.21666667,113.4833333,43.8,7.0,50.8
59288,23.15,113.0166667,66.5,5.0,71.5
59289,22.96666667,113.7333333,26.0,11.1,37.1
59290,23.78333333,114.25,44.4,25.7,70.1
59293,23.8,114.7333333,77.9,45.9,123.80000000000001
59294,23.33333333,113.8333333,106.3,64.2,170.5
59297,23.18333333,114.2833333,27.3,21.4,48.7
59298,23.06666667,114.3666667,43.5,10.2,53.7
59303,23.91666667,115.75,33.8,16.7,50.5
59304,23.63333333,115.1833333,30.1,6.5,36.6
59306,23.45,115.85,135.2,52.7,187.89999999999998
59310,23.76666667,116.1833333,106.1,65.5,171.6
59312,23.66666667,116.7,53.7,11.9,65.60000000000001
59313,23.68333333,116.9833333,9.1,3.6,12.7
59314,23.3,116.1333333,42.0,15.1,57.1
59315,23.58333333,116.4,92.1,35.0,127.1
59316,23.4,116.6833333,46.1,30.9,77.0
59317,23.03333333,116.3,152.5,38.9,191.4
59318,23.26666667,116.5833333,69.1,18.9,88.0
59319,23.43333333,116.8333333,44.3,20.0,64.3
59320,23.75,117.1333333,100.8,63.2,164.0
59322,23.98333333,117.3666667,64.4,19.4,83.80000000000001
59324,23.43333333,117.0333333,43.9,20.0,63.9
59419,22.1,106.75,123.0,65.8,188.8
59421,22.83333333,107.2,67.8,55.1,122.9
59429,22.18333333,108.0166667,97.4,97.4,194.8
59431,22.63333333,108.2166667,153.5,149.8,303.3
59435,22.76666667,108.4833333,126.2,121.3,247.5
59441,22.7,109.25,194.1,190.9,385.0
59446,22.41666667,109.3,134.4,133.3,267.70000000000005
59448,22.26666667,109.55,101.8,75.1,176.89999999999998
59449,22.3,109.9833333,113.6,104.2,217.8
59451,22.7,110.35,31.9,30.9,62.8
59452,22.83333333,110.5333333,42.1,40.4,82.5
59454,22.95,111.0,36.3,30.5,66.8
59456,22.35,110.9333333,66.9,59.7,126.60000000000001
59457,22.31666667,110.2666667,104.3,98.1,202.39999999999998
59462,22.7,111.6,63.7,43.7,107.4
59469,22.16666667,111.7833333,128.6,116.8,245.39999999999998
59470,22.7,112.2,139.2,89.8,229.0
59471,22.93333333,112.05,81.5,70.0,151.5
59473,22.76666667,112.9666667,72.2,27.5,99.7
59475,22.4,112.65,116.5,61.9,178.4
59476,22.53333333,113.0333333,147.0,46.3,193.3
59477,22.26666667,112.2333333,219.3,183.4,402.70000000000005
59478,22.25,112.7833333,127.4,42.6,170.0
59480,22.85,113.25,88.4,27.5,115.9
59481,22.93333333,113.3166667,47.6,17.1,64.7
59485,22.5,113.4,194.1,105.5,299.6
59487,22.23333333,113.3,186.4,85.7,272.1
59488,22.28333333,113.5666667,282.1,96.0,378.1
59492,22.96666667,114.7333333,62.9,25.2,88.1
59493,22.53333333,114.0,357.6,193.0,550.6
59500,22.96666667,115.3166667,96.2,24.8,121.0
59501,22.8,115.3666667,162.7,41.6,204.29999999999998
59502,22.95,115.65,126.7,62.2,188.9
59632,21.95,108.6166667,78.0,46.0,124.0
59635,21.61666667,108.35,91.2,87.0,178.2
59640,21.66666667,109.1833333,78.5,49.1,127.6
59644,21.45,109.1333333,198.6,186.7,385.29999999999995
59650,21.4,110.25,89.0,54.9,143.9
59653,21.93333333,110.85,154.0,126.6,280.6
59654,21.63333333,110.3,36.7,34.2,70.9
59655,21.65,110.6166667,140.9,100.0,240.9
59656,21.4,110.8166667,96.8,84.3,181.1
59658,21.15,110.3,56.7,28.4,85.1
59659,21.75,110.9166667,164.5,143.3,307.8
59663,21.83333333,111.9666667,359.9,279.7,639.5999999999999
59664,21.53333333,110.9833333,209.2,178.9,388.1
59673,21.73333333,112.7666667,400.7,122.2,522.9
59750,20.96666667,110.0666667,213.2,140.5,353.7
59754,20.33333333,110.1833333,81.2,58.3,139.5
59757,20.0,110.3666667,91.4,33.2,124.60000000000001
59758,20.0,110.25,37.0,20.5,57.5
59838,19.1,108.6166667,47.1,44.1,91.2
59842,19.9,109.6833333,90.2,90.2,180.4
59843,19.73333333,110.0,131.8,106.2,238.0
59845,19.51666667,109.5833333,155.5,45.1,200.6
59847,19.26666667,109.05,177.6,136.3,313.9
59848,19.23333333,109.4333333,63.1,40.1,103.2
59849,19.03333333,109.8333333,22.5,3.3000000000000003,25.8
59851,19.66666667,110.3333333,59.7,57.3,117.0
59854,19.36666667,110.1,39.6,39.6,79.2
59855,19.23333333,110.4666667,69.9,46.4,116.30000000000001
59856,19.61666667,110.75,214.8,192.7,407.5
59941,18.76666667,109.5166667,101.0,64.6,165.6
59945,18.65,109.7,86.1,20.8,106.89999999999999
59951,18.8,110.3333333,85.9,54.2,140.10000000000002
