«¯’æ∫≈,Y,X,Ωµ”Í¡ø
50136,52.96666667,122.5166667,71.4
50137,53.46666667,122.3666667,105.6
50246,52.35,124.7166667,57.3
50247,52.03333333,123.5666667,56.7
50349,51.66666667,124.4,38.1
50353,51.73333333,126.6333333,97.6
50425,50.25,120.1833333,48.2
50431,50.78333333,121.5166667,42.4
50434,50.48333333,121.6833333,45.7
50442,50.4,124.1166667,57.7
50445,50.58333333,123.7333333,23.3
50468,50.25,127.45,100
50514,49.58333333,117.3166667,6.1
50524,49.31666667,119.4333333,19.5
50525,49.15,119.75,72.7
50526,49.28333333,120.7,58.4
50527,49.25,119.7,57.7
50548,49.2,123.7166667,55.2
50557,49.16666667,125.2333333,156.6
50564,49.43333333,127.35,167.9
50566,49.55,128.4666667,22
50603,48.66666667,116.8166667,2.3
50618,48.21666667,118.2666667,55.4
50639,48,122.7333333,97
50645,48.48333333,124.4833333,207.3
50646,48.48333333,124.85,226.3
50647,48.13333333,123.4833333,142.8
50655,48.5,126.1833333,58.3
50656,48.25,126.5,95
50658,48.05,125.8833333,90.1
50659,48.03333333,126.25,136.6
50673,48.88333333,130.4,54.7
50674,48.56666667,129.4333333,83.5
50727,47.16666667,119.9333333,50.3
50739,47.33333333,123.1833333,142.7
50741,47.93333333,123.5,154.8
50742,47.8,124.4833333,131.7
50745,47.38333333,123.9166667,64.4
50749,47.18333333,124.8333333,88
50750,47.9,125.3,94.7
50755,47.6,126.1,90.4
50756,47.45,126.9666667,60.5
50758,47.18333333,125.9,40.3
50767,47.23333333,127.1,71.3
50772,48.1,129.2333333,105.6
50774,47.7,128.8333333,114.3
50775,47.33333333,130.2,34.5
50776,47.56666667,130.8333333,87.7
50778,47.66666667,132.5333333,4.5
50779,48.36666667,134.2833333,12.3
50787,47.31666667,131.8333333,24.7
50788,47.23333333,131.9833333,41
50834,46.6,121.2166667,96.2
50842,46.83333333,124.4166667,84.5
50844,46.4,123.45,89.8
50850,46.56666667,125.1333333,44.3
50851,46.68333333,126.0833333,100.3
50852,46.83333333,126.45,104.1
50853,46.61666667,126.9666667,84.5
50854,46.38333333,125.3166667,41
50858,46.06666667,125.9333333,83.4
50859,46.28333333,126.2833333,109.1
50861,46.88333333,127.4833333,133.7
50862,46.98333333,127.9833333,98.6
50867,46.08333333,127.35,9.4
50871,46.73333333,129.8833333,34.9
50873,46.78333333,130.3,2
50877,46.3,129.5833333,0.2
50878,47,130.7166667,77.2
50879,46.21666667,130.55,1
50880,46.73333333,131.1166667,84.2
50884,46.63333333,131.15,32.7
50888,46.31666667,132.1833333,23.3
50892,46.8,134,29.9
50913,45.71666667,118.8333333,26.5
50915,45.51666667,116.9666667,36.7
50924,45.53333333,119.6666667,88.9
50928,45.06666667,120.3333333,19.3
50934,45.38333333,121.5833333,72.3
50936,45.63333333,122.8333333,28.6
50937,45.06666667,121.4833333,17.3
50939,45.33333333,122.8166667,59.6
50940,45.85,123.1666667,1000079.5
50945,45.5,124.2666667,80.9
50946,45.18333333,124.8333333,62.6
50948,45,124.0166667,29.3
50949,45.08333333,124.8666667,1000045.4
50950,45.7,125.25,103.7
50953,45.93333333,126.5666667,6.3
50954,45.5,125.0833333,61.6
50956,46.08333333,126.7666667,102.6
50958,45.53333333,126.9333333,2.9
50960,45.73333333,127.3833333,29.4
50962,45.95,128.0333333,15.2
50963,45.96666667,128.7333333,2.2
50964,45.83333333,128.8,9.6
50965,45.43333333,128.2666667,5.1
50968,45.21666667,127.9666667,0.6
50971,45.76666667,131.0166667,15.6
50973,45.75,130.6,56.1
50978,45.3,130.9166667,0.1
50979,45.26666667,130.2333333,11.4
50983,45.76666667,132.9666667,1.2
50985,45.55,131.8666667,1.3
50987,45.26666667,131.1,35.1
51053,48.05,86.4,10.5
51058,47.1,87.96666667,0.2
51060,47.7,86.86666667,2.3
51068,47.11666667,87.46666667,0.8
51076,47.73333333,88.08333333,0.8
51087,46.98333333,89.51666667,1
51133,46.73333333,83,1.5
51137,46.2,82.93333333,1.1
51145,46.55,83.65,0.3
51156,46.78333333,85.71666667,4.5
51232,45.18333333,82.56666667,3.2
51238,44.9,82.06666667,3.7
51241,45.93333333,83.6,9.8
51243,45.61666667,84.85,2.6
51334,44.56666667,82.81666667,2.2
51357,44.33333333,85.61666667,0.9
51359,44.31666667,86.2,1.3
51367,44.16666667,86.85,2
51368,44.11666667,87.31666667,0
51369,43.96666667,87.65,1.4
51377,44.16666667,87.91666667,0.8
51378,44.01666667,89.16666667,0.7
51468,43.1,86.83333333,0
51469,43.45,87.18333333,4.9
51470,43.88333333,88.11666667,5.9
51477,43.35,88.31666667,0.3
51482,43.83333333,90.28333333,0
51526,42.23333333,88.21666667,0
51542,43.03333333,84.15,1.7
51567,42.08333333,86.56666667,0.2
51571,42.8,88.63333333,0
51572,42.83333333,89.25,0
51573,42.93333333,89.2,0
51627,41.21666667,79.23333333,38.1
51628,41.16666667,80.23333333,27.7
51636,41.55,82.65,2
51639,41.23333333,82.78333333,2.2
51656,41.75,86.13333333,0.2
51704,39.71666667,76.16666667,19.1
51705,39.71666667,75.25,22.5
51707,39.5,76.73333333,12.2
51709,39.48333333,75.75,36.4
51717,39.25,76.78333333,12.6
51720,40.5,79.05,45.1
51722,40.65,80.4,18.4
51730,40.55,81.26666667,11.1
51747,39,83.66666667,0
51765,40.63333333,87.7,0
51802,38.93333333,76.16666667,7.6
51810,38.91666667,77.63333333,16.4
51811,38.43333333,77.26666667,8.9
51814,37.91666667,77.4,10.5
51815,38.2,77.26666667,13.9
51818,37.61666667,78.28333333,48.6
51826,37.01666667,80.8,7.2
51827,37.16666667,79.63333333,11.3
51828,37.13333333,79.93333333,13.6
51829,37.08333333,80.16666667,13.2
51839,37.06666667,82.71666667,0.4
51855,38.15,85.55,0
51931,36.85,81.65,5.8
52101,43.6,93.05,38.6
52112,43.75,94.98333333,15.6
52118,43.26666667,94.7,16.1
52203,42.81666667,93.51666667,5.1
52313,41.53333333,94.66666667,10.5
52323,41.8,97.03333333,1.9
52515,39.51666667,94.86666667,5.3
52533,39.76666667,98.48333333,11.5
52546,39.36666667,99.83333333,0.9
52557,39.15,100.1666667,0.9
52602,38.75,93.33333333,2
52643,38.83333333,99.61666667,18.9
52652,39.08333333,100.2833333,1.6
52656,38.43333333,100.8166667,8.3
52674,38.23333333,101.9666667,2.1
52679,37.91666667,102.6666667,2
52681,38.63333333,103.0833333,3.8
52707,36.8,93.68333333,0
52784,37.46666667,102.9,13.8
52787,37.2,102.8666667,13.6
52797,37.18333333,104.05,2.1
52818,36.41666667,94.91666667,0.2
52825,36.43333333,96.43333333,2.1
52836,36.3,98.1,71.1
52854,36.58333333,100.4833333,46
52856,36.26666667,100.6166667,30.4
52863,36.81666667,101.95,38
52866,36.73333333,101.75,42.5
52868,36.01666667,101.3666667,19
52869,36.5,101.5833333,52.9
52875,36.5,102.1,26.3
52876,36.33333333,102.8333333,28.4
52877,36.1,102.25,77.3
52881,36.98333333,103.1833333,14.3
52884,36.35,103.95,2.9
52885,36.75,103.25,29
52895,36.56666667,104.6833333,1.8
52896,36.55,104.15,26.8
52908,35.21666667,93.08333333,49.2
52941,36.26666667,100.2666667,39
52943,35.58333333,99.98333333,34.8
52955,35.58333333,100.7333333,24.1
52957,35.25,100.6,26.6
52963,35.93333333,102.0166667,50.3
52968,35.03333333,101.4666667,37.6
52972,35.85,102.45,48.4
52974,35.51666667,102.0166667,66
52978,35.2,102.5166667,38.9
52980,35.96666667,103.3,38.5
52981,35.68333333,103.3833333,24
52982,35.48333333,103.55,35.4
52983,35.86666667,104.15,17.8
52984,35.58333333,103.1833333,29
52985,35.41666667,103.3333333,73.3
52986,35.36666667,103.8666667,70
52988,35.36666667,103.7166667,68.5
52993,35.68333333,105.0666667,23.5
52995,35.58333333,104.6166667,36.2
52996,35.38333333,105.0166667,47.3
52998,35.13333333,104.2,73.7
53068,43.63333333,111.9333333,88.3
53083,44.61666667,114.15,131.8
53149,42.53333333,110.1333333,67.4
53192,44.01666667,114.95,94.6
53231,41.4,106.4,5.1
53289,42.23333333,113.8333333,57
53336,41.56666667,108.5166667,20.7
53337,41.1,108.2666667,23
53348,41.01666667,109.1333333,16.9
53352,41.7,110.4333333,71.9
53357,41.03333333,110.05,38.7
53362,41.53333333,111.6833333,21.6
53367,41.31666667,111.2333333,21.1
53368,41.08333333,111.4666667,28.3
53378,41.28333333,112.6166667,10.3
53384,41.45,113.1833333,27.7
53385,41.6,113.5333333,20.7
53391,41.9,114,24.4
53392,41.85,114.6,73.2
53397,41.1,113.9833333,42.3
53399,41.15,114.7,21.1
53419,40.33333333,107,5.1
53420,40.85,107.1166667,5.7
53433,40.73333333,108.65,25.8
53446,40.53333333,109.8833333,32.5
53455,40.55,110.5333333,11.5
53457,40.4,110.0333333,19.3
53463,40.85,111.5666667,43.4
53464,40.71666667,111.1666667,16.4
53466,40.75,111.7,15.4
53467,40.26666667,111.1833333,10.5
53469,40.4,111.8166667,14.2
53472,40.86666667,112.5666667,37.5
53475,40.51666667,112.4666667,25.7
53478,40,112.45,8.5
53480,41.03333333,113.0666667,12
53481,40.8,113.2166667,29.7
53483,40.86666667,113.8333333,95.6
53484,40.45,113.15,26.9
53486,40.36666667,113.7666667,4.6
53487,40.08333333,113.4166667,34.8
53488,40.03333333,113.5833333,37.6
53490,40.43333333,114.05,22.5
53491,40.66666667,114.3833333,47.1
53492,40.1,114.15,65
53498,40.56666667,115.0333333,24.3
53499,40.76666667,114.7333333,11.6
53512,39.8,106.8,7.9
53513,40.73333333,107.3666667,9.1
53517,39.26666667,106.3333333,32.4
53518,39.03333333,106.35,8.8
53519,39.21666667,106.7666667,11
53522,40.05,107.8333333,22.8
53529,39.08333333,107.9666667,22.6
53533,39.81666667,108.7166667,48.6
53543,39.83333333,109.9833333,35.6
53545,39.56666667,109.7166667,11.2
53553,39.86666667,111.2166667,58.1
53562,39.91666667,111.6666667,20.1
53564,39.38333333,111.15,2.7
53565,39.43333333,111.5,36.2
53567,39.01666667,111,22
53573,40,112.7,66.3
53574,39.51666667,112.2666667,1.6
53575,39.1,112.2,11.9
53576,39.5,112.8166667,29.7
53577,39,112.3,40.4
53578,39.36666667,112.4333333,1.9
53579,39.01666667,112.9,34.4
53582,39.71666667,113.6666667,22.1
53584,39.56666667,113.1666667,17
53585,39.16666667,113.2666667,12.9
53588,38.95,113.5166667,136.3
53590,39.75,114.2666667,12.4
53593,39.83333333,114.5666667,9.8
53594,39.45,114.1833333,29.7
53596,38.85,115.1333333,201.4
53599,39.36666667,114.6833333,70
53603,38.83333333,106.3666667,10.4
53610,38.56666667,106.35,6.3
53611,38.88333333,106.55,3.9
53612,37.98333333,106.1833333,2.6
53614,38.46666667,106.2,1
53615,38.8,106.7,14.4
53617,38.03333333,106.0833333,1.8
53618,38.28333333,106.25,0.7
53619,38.11666667,106.3,0.9
53644,38.6,108.8333333,31.1
53646,38.26666667,109.7833333,9.1
53651,38.81666667,110.4666667,29.6
53658,38.03333333,110.4833333,38.3
53659,37.96666667,111,52.8
53660,39.01666667,111.0833333,41.6
53662,38.71666667,111.5833333,9.4
53663,38.91666667,111.8166667,44.3
53664,38.46666667,111.1333333,12.6
53665,38.28333333,111.65,4.4
53666,38.35,111.9333333,23.1
53669,38.08333333,111.8,14.4
53673,38.73333333,112.7166667,4.5
53674,38.4,112.7,15.6
53676,38.5,112.9833333,108.6
53677,37.93333333,112.4833333,40.3
53678,38.06666667,112.65,27.4
53679,37.75,112.55,40.1
53680,38.3,114.3833333,145.1
53681,38.83333333,113.3666667,91.5
53682,38.63333333,114.6833333,110.8
53685,38.06666667,113.4166667,91.3
53687,37.78333333,113.6333333,84.8
53688,38.41666667,114.55,130.5
53689,38.01666667,115.0666667,121.7
53690,38.85,114.1833333,171.3
53691,38.15,114.5666667,136.4
53692,38.73333333,114.9833333,211.7
53693,38.03333333,114.1333333,198.8
53694,38.26666667,114.2166667,371.1
53695,38.35,114.6833333,151.2
53696,38.55,115.0166667,130.4
53697,38.03333333,114.8333333,105.1
53699,38.18333333,114.95,113.2
53704,37.53333333,105.1833333,2.8
53705,37.48333333,105.6833333,2.1
53707,36.93333333,105.25,0.4
53723,37.8,107.3833333,1.2
53725,37.58333333,107.5833333,0.2
53727,37.16666667,107.1166667,0.9
53730,38.18333333,107.4833333,1.1
53732,37.85,108.7166667,1.2
53735,37.61666667,108.8,3
53738,36.91666667,108.1666667,32.1
53740,37.93333333,109.2333333,21.3
53748,37.18333333,109.7,12.8
53750,37.76666667,110.1833333,11.8
53751,37.6,110.05,10
53753,37.43333333,110.8833333,37.7
53754,37.5,110.2166667,4.6
53756,37.51666667,110.7166667,14.3
53757,37.11666667,110.1166667,1.7
53759,36.98333333,110.8333333,39.3
53760,37.88333333,111.2333333,25.9
53763,37.91666667,112.1666667,15
53764,37.5,111.1,34.7
53767,37.33333333,111.1666667,8.1
53768,37.15,111.75,11.3
53769,37.25,111.7833333,3.1
53770,37.35,112.35,5.9
53771,37.41666667,112.05,5.8
53772,37.61666667,112.5833333,6.4
53773,36.33333333,114.6166667,271.1
53774,37.58333333,112.3666667,4.2
53775,37.41666667,112.6,15.9
53776,37.68333333,112.7666667,34.7
53777,37.53333333,112.15,5
53778,37.16666667,112.2166667,12.4
53780,37.9,113.15,85.5
53781,36.86666667,114.4666667,233.3
53782,37.93333333,113.6166667,118.3
53783,37.6,113.7,96.7
53784,37.75,114.7833333,97.5
53785,37.51666667,114.6666667,211.5
53786,37.08333333,113.3333333,78.1
53787,37.06666667,112.9833333,79.8
53788,37.33333333,113.5666667,104.2
53789,37.88333333,114.6333333,147.4
53790,37.63333333,114.6,192.1
53791,37.76666667,114.5166667,313.7
53792,37.45,114.4833333,363.5
53794,37.35,114.75,164.7
53795,37.65,114.3666667,284.9
53796,37.61666667,114.8833333,96.8
53797,37.28333333,114.5166667,326.4
53798,37.06666667,114.5,244.2
53799,37.23333333,114.9833333,135.8
53806,36.56666667,105.65,2
53810,36.96666667,105.9,4.3
53817,36,106.2666667,34.4
53821,36.56666667,107.3,15
53829,35.98333333,107.9,65.1
53832,36.76666667,108.7666667,2.5
53841,36.88333333,109.3166667,57.8
53848,36.26666667,109.35,32.9
53850,36.88333333,110.1833333,8.6
53852,36.76666667,110.6333333,0.5
53853,36.7,110.95,12.8
53854,36.58333333,110.0666667,13.1
53856,36.46666667,110.75,2.6
53857,36.06666667,110.1833333,1.9
53859,36.1,110.6666667,18
53860,36.98333333,111.1666667,16.3
53861,35.88333333,111.3833333,158.7
53862,36.85,111.8,24.6
53863,37.03333333,111.9166667,6.2
53864,36.4,111.1,12.5
53865,36.65,111.55,11.9
53866,36.23333333,111.6666667,23.9
53868,36.06666667,111.5,27.2
53869,36.58333333,111.7,21.3
53871,36.83333333,112.85,124.4
53872,36.76666667,112.6833333,153.7
53873,36.1,112.8666667,140.7
53874,36.25,111.9,31.2
53875,36.51666667,112.35,82.3
53877,36.16666667,112.25,61.3
53878,36.51666667,113.3833333,172.4
53879,36.31666667,112.8833333,115
53880,36.33333333,113.2333333,133.2
53881,37.28333333,106.4833333,8
53882,36.06666667,113.0333333,189.5
53883,37.13333333,114.7,168.3
53884,36.51666667,113.0333333,122.3
53885,36.11666667,113.2,192.5
53886,36.56666667,113.6666667,262.3
53888,36.2,113.4333333,255
53889,36.06666667,113.8166667,443.3
53890,36.66666667,114.1,381.1
53891,37.01666667,114.6833333,187.1
53892,36.61666667,114.4666667,223.6
53893,36.76666667,114.95,142.3
53894,36.4,114.2,429.8
53895,36.78333333,114.5,230
53896,36.35,114.95,172.6
53897,36.38333333,114.3833333,369.1
53898,36.05,114.1333333,665.5
53899,36.48333333,114.9666667,153.7
53903,35.96666667,105.7166667,12.3
53906,35.51666667,105.7166667,14.2
53908,35.21666667,105.2333333,58
53910,35.66666667,106.2,30.9
53914,35.61666667,106.1166667,17.4
53915,35.55,106.6666667,28.6
53916,35.5,106.3166667,25.9
53917,35.21666667,106.0666667,21.4
53923,35.73333333,107.6333333,33.1
53924,35.06666667,107.6166667,76.5
53925,35.68333333,107.1833333,39.8
53926,35.35,107.35,43.2
53927,35.2,106.6166667,37.5
53928,35.3,107.0166667,41.6
53929,35.2,107.8,1000047.7
53930,36.45,107.9833333,5
53931,36,109.3666667,30.2
53934,35.78333333,107.9833333,52.9
53935,35.48333333,108.4,28.8
53937,35.51666667,107.9166667,56.9
53938,35.16666667,108.3,4.1
53941,35.18333333,109.5833333,10.4
53942,35.76666667,109.4166667,62.2
53944,35.56666667,109.25,23.2
53945,35.43333333,109.0666667,90.7
53946,35.6,109.8166667,32.1
53947,35.08333333,109.0666667,79.7
53948,34.95,109.5833333,74
53949,35.18333333,109.9166667,9
53950,35.23333333,110.15,38.4
53953,35.96666667,110.85,35.8
53954,35.61666667,110.9666667,8.5
53956,35.4,110.8333333,100.2
53957,35.61666667,110.7166667,27.9
53958,35.16666667,110.7833333,51.7
53959,35.05,111.05,70.1
53961,35.65,111.4833333,17.2
53962,35.73333333,111.7,53.4
53963,35.65,111.3666667,4.8
53964,35.61666667,111.2166667,5.4
53965,35.51666667,111.5666667,57.5
53966,35.98333333,111.8333333,13.8
53967,35.33333333,111.2,10.2
53968,35.28333333,111.6666667,106.3
53970,35.7,112.2,135.8
53972,35.05,112.9,465.5
53973,35.76666667,112.95,208.4
53974,35.61666667,114.2333333,877.6
53975,35.48333333,112.4,268.5
53976,35.5,112.8666667,303.6
53978,35.08333333,112.6333333,412.3
53979,35.15,113.0833333,521.8
53980,36.55,114.8,131.1
53981,35.78333333,113.2666667,249.6
53982,35.23333333,113.2666667,657.4
53983,35.03333333,114.4166667,549.7
53984,35.23333333,113.4666667,699.7
53985,35.5,113.8166667,854
53986,35.31666667,113.8833333,650.9
53987,35.1,113.35,558.3
53988,35.26666667,113.6666667,739.3
53989,35.08333333,113.9833333,608.8
53991,35.91666667,114.3333333,637
53992,35.65,114.5166667,365.3
53993,35.93333333,114.9166667,209.4
53994,35.38333333,114.0666667,901.1
53995,35.55,114.5,430.6
53996,36.45,114.65,164.9
53997,35.15,114.1833333,602
53998,35.2,114.65,381.2
54012,44.58333333,117.6,82.5
54024,44.45,119.3,45.7
54026,44.56666667,120.9,42.7
54027,43.98333333,119.4,57.1
54031,44.9,121.8166667,2.8
54039,44.03333333,122.0166667,42.3
54041,44.8,123.0666667,64.4
54047,44.13333333,123.2833333,70.2
54049,44.25,123.9666667,10.6
54063,44.96666667,126,5.2
54064,44.38333333,125.15,7.3
54065,44.53333333,125.65,32
54069,44.16666667,125.8,0.3
54072,44.85,126.5166667,31.9
54076,44.38333333,126.9333333,2.2
54080,44.9,127.15,17.4
54092,44.6,129.4,0
54093,44.93333333,130.55,19
54094,44.5,129.6666667,9.4
54096,44.38333333,131.1666667,67.6
54098,44.33333333,129.4666667,2.7
54099,44.08333333,131.1333333,18.8
54102,43.95,116.1166667,67.7
54113,43.53333333,118.65,46.5
54115,43.63333333,118.0333333,54.6
54117,43.25,117.5333333,56.7
54122,43.88333333,120.05,28.1
54132,42.4,121.0666667,3.7
54134,43.6,121.2833333,7.9
54135,43.6,122.2666667,88.6
54142,43.5,123.5333333,0.1
54154,43.35,124.3,1.3
54155,43.66666667,124.2333333,0.8
54157,43.16666667,124.3333333,1.2
54161,43.9,125.2166667,0
54164,43.35,125.2833333,0
54165,43.55,125.6333333,0.7
54169,43.3,126.0166667,1
54171,43.7,126.5166667,1.6
54172,43.86666667,126.5333333,10.3
54181,43.7,127.3333333,1.3
54186,43.36666667,128.2,4.2
54187,43.11666667,128.9166667,13.4
54192,43.7,130.2666667,14.1
54195,43.3,129.7833333,0.4
54204,42.3,115,50.6
54205,42.23333333,116,98.4
54208,42.18333333,116.4666667,47.8
54213,42.93333333,119.0166667,3.4
54214,42.58333333,118.4166667,56
54218,42.3,118.8333333,24.2
54223,42.85,120.65,7.2
54225,42.3,119.95,0.5
54226,42.33333333,120.7,2.1
54231,42.96666667,122.35,3.9
54234,42.73333333,121.75,18.6
54236,42.38333333,122.55,14.7
54243,42.78333333,124.1166667,2.3
54244,42.75,123.3333333,0.2
54245,42.5,123.4,6.6
54248,42.03333333,123.5333333,0
54249,42.3,123.8666667,6.3
54252,42.73333333,124.75,2.3
54254,42.53333333,124.05,13.2
54259,42.06666667,124.8666667,10.7
54260,42.91666667,125.0833333,7.1
54261,42.66666667,125.4666667,1.7
54263,42.96666667,126.05,3
54266,42.53333333,125.6333333,21.6
54267,42.25,125.7333333,44.7
54273,42.98333333,126.75,6.9
54274,42.68333333,125.9833333,5.6
54276,42.4,126.8,42.5
54279,42.05,126.5833333,21.3
54284,42.15,127.5,99.2
54285,42.41666667,128.1166667,54.1
54286,42.53333333,129,78.3
54290,42.76666667,129.4,3.1
54291,42.9,130.2833333,0
54292,42.86666667,129.5,1.3
54293,42.95,129.8333333,0
54301,41.66666667,115.6666667,41.3
54304,40.95,115.2666667,110.1
54305,41.88333333,115.2666667,53.5
54308,41.2,116.6333333,26.3
54311,41.96666667,117.7666667,18.3
54313,41.93333333,118.7,3.9
54316,41.51666667,118.75,0.2
54318,41.31666667,117.7333333,6.5
54319,41,118.6666667,1.6
54320,41.6,119.3,0.1
54321,41.86666667,119.6333333,0.3
54323,41.81666667,120.7833333,2.1
54324,41.55,120.4333333,2.1
54325,41.18333333,120.35,4.9
54326,41.41666667,119.6166667,1.6
54327,41.23333333,119.35,0.2
54328,41.08333333,119.7166667,2.5
54332,41.51666667,122.7166667,7.7
54333,41.96666667,122.85,2.5
54336,41.41666667,122.4166667,22.3
54338,41.28333333,121.95,1.5
54339,41.08333333,123,18.4
54340,41.66666667,123.3166667,5.9
54342,41.73333333,123.5166667,0.7
54345,41.2,123.0666667,38.6
54346,41.31666667,123.7833333,35.1
54347,41.23333333,123.1666667,30
54348,41.41666667,123.3333333,2.2
54351,41.91666667,124.0833333,12.8
54353,41.73333333,125.05,20.6
54362,41.66666667,125.7333333,4.7
54363,41.68333333,125.9,14.6
54371,41.93333333,126.4333333,37.2
54374,41.8,126.8833333,2.1
54377,41.15,126.2166667,23
54386,41.41666667,128.1833333,25.5
54398,40.13333333,116.6166667,45.8
54399,39.98333333,116.2833333,184.3
54401,40.76666667,114.9166667,13.3
54404,40.88333333,115.8333333,54.8
54405,40.41666667,115.5,24.9
54406,40.45,115.9666667,107.8
54408,40.38333333,115.2166667,3.6
54416,40.38333333,116.8666667,56.3
54419,40.36666667,116.6333333,100.1
54420,40.93333333,117.3333333,9.3
54421,40.65,117.1166667,50.4
54423,40.96666667,117.9166667,57
54424,40.16666667,117.1166667,15.4
54425,40.4,117.4666667,13.6
54428,40.03333333,117.4,11.5
54429,40.2,117.95,21.3
54430,40.76666667,118.15,5.5
54431,39.91666667,116.6333333,91.5
54432,40.6,118.4833333,55
54433,39.95,116.5,98.6
54434,40.16666667,118.3333333,5.9
54436,40.41666667,118.95,29.5
54437,39.5,118.6166667,11
54438,39.88333333,118.8833333,7.1
54439,40.01666667,118.7166667,11.8
54449,39.85,119.5166667,5.6
54452,40.8,119.8166667,24.6
54453,40.78333333,120.8833333,5.2
54454,40.33333333,120.3,3.9
54455,40.61666667,120.65,7
54470,41.01666667,122.0666667,6.2
54471,40.65,122.1666667,14.4
54474,40.41666667,122.35,92.5
54475,40.61666667,122.4833333,32.9
54476,40.16666667,122.15,5.9
54483,40.88333333,123.9,140
54486,40.28333333,123.2833333,106.8
54493,40.71666667,124.7833333,51.5
54494,40.46666667,124.0666667,125.2
54497,40.05,124.3333333,46
54499,40.21666667,116.2166667,233.7
54501,39.96666667,115.6833333,147.1
54502,39.48333333,116.0333333,47.9
54503,39.06666667,115.8166667,35.7
54505,39.93333333,116.1,191.9
54506,39.31666667,115.95,59.4
54507,39.33333333,115.5166667,169.7
54510,39.91666667,116.95,63.4
54511,39.8,116.4666667,27.4
54512,39.41666667,116.2833333,50
54513,39.95,116.2,174.1
54514,39.86666667,116.25,58.8
54515,39.5,116.7,73.7
54518,39.16666667,116.4,36.3
54519,39.3,116.4833333,52.3
54520,39.96666667,117.0833333,10.8
54521,39.76666667,116.9833333,52.6
54522,39.88333333,117.7333333,24.3
54523,39.38333333,117.0166667,46.7
54525,39.73333333,117.2833333,58.7
54526,39.08333333,117.3333333,1.6
54527,39.08333333,117.05,0.2
54528,39.23333333,117.1333333,1
54529,39.35,117.8166667,10.3
54530,39.23333333,117.7666667,15.4
54531,39.73333333,118.7166667,24.2
54532,39.8,118.0833333,44.5
54533,39.58333333,118.1,90.2
54534,39.65,118.1,13.1
54535,39.28333333,118.4666667,3.9
54539,39.43333333,118.8833333,26.6
54540,39.73333333,119.2,15.9
54541,39.9,119.2333333,5.5
54563,39.63333333,122.0166667,31.6
54565,39.6,121.4666667,18.7
54568,39.06666667,121.75,13.6
54569,39.41666667,121.95,1.3
54575,39.41666667,122.3666667,7
54579,39.26666667,122.5833333,7.8
54584,39.71666667,122.95,21.6
54590,39.88333333,124.1666667,49.7
54594,39.71666667,116.35,21.1
54596,39.76666667,116.2,77
54597,39.73333333,115.7333333,196.2
54601,38.98333333,115.65,90.9
54602,38.73333333,115.4833333,193
54603,38.71666667,115.7666667,17.4
54604,38.41666667,115.3333333,112.5
54605,38.93333333,115.9333333,36.2
54606,38.23333333,115.7333333,51.3
54607,38.71666667,115.1166667,202.6
54608,38,115.55,21.4
54609,38.23333333,115.5833333,45.9
54610,38.73333333,116.1,33.1
54611,38.93333333,115.3166667,146.9
54612,38.85,116.45,38.2
54613,38.7,116.6166667,24.9
54614,38.41666667,116.05,1.8
54615,38.58333333,116.85,11.8
54616,38.35,116.85,14.6
54617,38.18333333,116.1166667,16.1
54618,38.08333333,116.55,3.1
54619,38.91666667,116.9166667,1.5
54620,38.48333333,115.5666667,69.6
54621,38.18333333,115.1833333,167
54622,38.98333333,117.3666667,30.6
54623,39.05,117.7166667,31.6
54624,38.4,117.3166667,1.1
54626,38.41666667,115.8166667,43.1
54627,38.03333333,117.2333333,4.8
54628,38.15,117.4833333,14.5
54631,37.06666667,115.15,141.3
54632,37.06666667,115.0333333,203.4
54633,37.51666667,115.2333333,83.8
54636,39.01666667,116.1,18.3
54640,36.91666667,114.8666667,155.6
54644,38.05,117.1166667,9.5
54645,38.85,117.4666667,0.3
54662,38.9,121.6333333,18.6
54700,38.03333333,115.9333333,45.4
54701,37.93333333,115.2,102.6
54702,37.73333333,115.7,69.8
54703,37.8,115.8833333,14.8
54704,37.51666667,115.5666667,33
54705,37.36666667,115.3833333,64.8
54706,37.08333333,115.6666667,38.5
54707,37.35,115.9833333,27.9
54708,37.5,115.7333333,11
54709,37.21666667,116.0666667,27.7
54710,37.86666667,116.1666667,22.2
54711,37.7,116.2833333,7.4
54712,37.2,116.8166667,4.6
54713,37.88333333,116.5333333,0.9
54714,37.45,116.3333333,29.6
54715,37.31666667,116.5666667,26.8
54716,37.66666667,116.8,23.4
54717,37.63333333,116.4,26.2
54719,38.03333333,116.6833333,0
54722,37.75,117.6333333,180.1
54723,37.65,117.5666667,151.8
54724,37.31666667,117.1333333,6.2
54725,37.5,117.5333333,99.2
54726,37.7,117.1833333,4.5
54727,36.68333333,117.55,45.8
54728,37.76666667,117.3833333,96.3
54729,37.16666667,117.8666667,51
54734,37.35,118,44.1
54736,37.43333333,118.6666667,49.5
54744,37.58333333,118.55,33.3
54749,37.18333333,119.95,12.4
54751,37.93333333,120.7333333,13
54752,37.8,120.7666667,46.5
54753,37.63333333,120.3333333,36.1
54755,37.33333333,120.3833333,21.8
54759,37.31666667,120.85,9.4
54764,37.48333333,121.2333333,16.3
54765,37.48333333,121.4333333,20.3
54776,37.4,122.7,10.3
54777,37.2,122.0666667,44.4
54800,37,115.25,60.4
54801,36.85,115.4833333,52.1
54802,36.81666667,115.7333333,43.8
54804,36.3,115.1333333,123.1
54806,36.41666667,115.9666667,66.4
54807,36.15,115.7666667,32.8
54808,36.23333333,115.6333333,93.3
54809,36.55,115.2833333,105.8
54812,36.78333333,116.75,54.5
54814,36.53333333,116.25,99.7
54815,36.38333333,116.2666667,28.1
54816,36.51666667,116.8,54.5
54817,35.98333333,115.8666667,35.5
54818,36.25,116.4166667,53.6
54819,36.18333333,116.8,23.2
54820,36.81666667,115.1666667,117.6
54821,37,117.2,39
54822,36.86666667,117.7333333,55.1
54823,36.6,117,73.2
54824,36.63333333,117.95,24.9
54825,36.51666667,117.85,50.8
54826,36.25,117.1,46.4
54827,36.16666667,117.15,12.3
54828,36.23333333,117.6833333,6.3
54829,36.76666667,117.8666667,47.5
54830,36.81666667,117.9333333,29.1
54831,36.65,118.5,29.5
54832,36.88333333,118.7333333,24
54833,36.96666667,118.0833333,102.1
54834,36.86666667,118.2833333,10.2
54835,36.5,118.55,12.3
54836,36.18333333,118.1666667,2.1
54837,36.68333333,118.8333333,0.8
54841,36.86666667,119.4166667,4.3
54842,36.78333333,120,10.6
54843,36.75,119.2,0
54844,36.41666667,119.1833333,5.4
54846,36.38333333,119.7333333,24.8
54848,35.98333333,119.4166667,68.8
54849,36.21666667,120.0333333,39.1
54851,36.9,120.5666667,5.1
54852,36.96666667,120.7333333,7.8
54853,36.16666667,120.4166667,41.6
54855,36.38333333,120.4666667,66.5
54857,36.06666667,120.3333333,41.3
54861,36.93333333,121.5333333,50.2
54863,36.78333333,121.1833333,13.2
54871,36.93333333,122.4833333,40.1
54900,35.7,115.0166667,142.7
54901,36.08333333,115.1666667,95.4
54902,35.9,115.1166667,118.1
54903,35.85,115.4833333,89.8
54904,35.58333333,115.5166667,51.9
54905,35.58333333,115.9333333,55.2
54906,35.25,115.4166667,39.1
54907,34.98333333,116.65,53.3
54908,35.26666667,115.1,102.3
54909,35.08333333,115.5166667,82.5
54910,35.81666667,116.05,36
54911,35.93333333,116.4,22.4
54912,35.76666667,116.5,60.2
54913,35.75,116.8166667,3.9
54914,35.41666667,116.0833333,17.8
54915,35.43333333,116.6,29.1
54916,35.56666667,116.85,22.6
54917,35.1,116.3166667,42.2
54918,35.6,116.9666667,9.7
54919,35.38333333,116.9833333,52.9
54920,35.65,117.2833333,18.4
54921,35.41666667,116.3333333,60.6
54922,35.88333333,117.7833333,3.3
54923,35.71666667,117.9333333,9
54925,35.51666667,117.6333333,41.7
54927,35.1,117.2,28.9
54929,35.26666667,117.9666667,90.5
54932,35.76666667,118.65,10.5
54935,35.53333333,118.4333333,47.2
54936,35.56666667,118.8333333,38.8
54938,35.05,118.4,28.2
54939,35.16666667,118.8166667,86
54940,35.75,119.2,20.8
54943,35.88333333,120,59
54945,35.43333333,119.5333333,74.1
55228,32.5,80.08333333,20.5
55248,32.15,84.41666667,47.3
55299,31.48333333,92.06666667,39.9
55437,30.28333333,81.25,17.2
55493,30.48333333,91.1,66.6
55569,29.08333333,87.6,50
55572,29.68333333,89.1,77.3
55593,29.85,91.73333333,66.1
55597,29.03333333,91.68333333,76
55598,29.26666667,91.76666667,49.2
55655,28.18333333,85.96666667,26.3
55664,28.63333333,87.08333333,63.9
55680,28.91666667,89.6,58.4
56004,34.21666667,92.43333333,89
56016,33.85,95.61666667,35.8
56018,32.88333333,95.28333333,28.7
56021,34.11666667,95.8,20.3
56029,33,96.96666667,10.6
56033,34.91666667,98.21666667,12.9
56034,33.8,97.13333333,21.7
56038,32.98333333,98.1,30.2
56043,34.48333333,100.2333333,38.2
56045,33.96666667,99.9,27.1
56046,33.75,99.65,18.2
56065,34.73333333,101.6,53.6
56067,33.43333333,101.4833333,33.3
56071,34.58333333,102.5,55.3
56074,34,102.0833333,33.9
56079,33.58333333,102.9666667,38.7
56080,35,102.9,83
56081,34.7,103.35,39.2
56082,34.58333333,103.5,25.7
56084,34.06666667,103.2333333,30
56091,34.85,104.4666667,61.6
56092,35,104.65,64.8
56093,34.43333333,104.0166667,65.9
56094,33.78333333,104.3666667,66.2
56095,34.03333333,104.3833333,76.4
56096,33.4,104.9166667,93.9
56097,33.26666667,104.25,60.8
56116,31.41666667,95.6,47.8
56125,32.2,96.46666667,18.3
56128,31.21666667,96.6,11.8
56137,31.15,97.16666667,12.9
56144,31.8,98.58333333,13.7
56146,31.61666667,100,15.2
56147,31.21666667,98.83333333,28.7
56151,32.93333333,100.75,11.8
56152,32.28333333,100.3333333,12.7
56158,31.4,100.6666667,26.5
56164,32.26666667,100.9833333,12.5
56167,30.98333333,101.1166667,23.6
56168,31.48333333,102.0666667,15.4
56171,32.9,101.7,25.9
56172,31.9,102.2333333,10.8
56173,32.8,102.55,42.7
56178,31,102.35,32
56180,31.68333333,103.85,49.9
56181,30.68333333,103.7,98.6
56182,32.66666667,103.6,34.9
56183,31.5,103.6166667,26.1
56184,31.43333333,103.1666667,31.7
56185,32.08333333,102.9833333,35.4
56186,31.33333333,104.2,72.4
56187,30.75,103.8666667,113
56188,31,103.6666667,128.5
56189,30.98333333,103.9333333,100.9
56192,32.95,104.6666667,62.2
56197,31.15,104.1666667,229.6
56198,31.31666667,104.5,141
56199,31.03333333,104.6833333,143.1
56223,30.75,95.83333333,42.6
56227,29.86666667,95.76666667,24.1
56228,30.05,96.91666667,19.5
56247,30,99.1,9.4
56251,30.93333333,100.3166667,21.4
56257,30,100.2666667,15.2
56263,30.88333333,101.8833333,48.1
56267,30.03333333,101.0166667,12.8
56272,30.81666667,103.8833333,94.9
56273,30.38333333,102.8166667,92.1
56276,30.45,103.8166667,40.5
56278,30.06666667,102.7666667,162.8
56279,30.15,102.9333333,228.2
56280,30.08333333,103.1166667,263.2
56281,30.18333333,103.5,68.7
56284,30.45,103.4333333,97.7
56285,30.6,103.5166667,156.5
56286,30.55,104.25,187.9
56288,30.58333333,103.9166667,196.9
56289,30.2,103.8666667,66
56290,30.78333333,104.1833333,98.4
56296,30.85,104.4333333,188.4
56297,30.01666667,104.15,209.2
56298,30.13333333,104.6,200
56312,29.66666667,94.33333333,42
56317,29.21666667,94.21666667,36.8
56331,29.66666667,97.83333333,20.4
56357,29.05,100.3,46.5
56371,29.91666667,102.2333333,45.9
56373,29.78333333,102.85,211.2
56374,30.05,101.9666667,10.1
56376,29.35,102.6333333,30.4
56378,29.23333333,102.35,24.5
56380,29.88333333,103.35,181.3
56381,30.06666667,103.5,142.8
56382,29.73333333,103.6,130.4
56383,29.83333333,103.8666667,92.9
56384,29.6,103.4833333,38.9
56385,29.51666667,103.3333333,238.1
56386,29.56666667,103.75,122.8
56387,29.23333333,103.2666667,66.8
56389,29.2,103.95,70.8
56390,29.66666667,104.0666667,110.9
56391,30.08333333,103.8166667,145.4
56393,29.76666667,104.85,186.2
56394,29.45,104.4333333,72.9
56395,29.51666667,104.6666667,83.5
56396,29.35,104.7666667,95.6
56399,29.18333333,104.9833333,39.5
56434,28.65,97.46666667,40.6
56441,28.71666667,99.28333333,27.3
56443,28.93333333,99.8,11.7
56444,28.48333333,98.91666667,41.6
56459,27.93333333,101.2666667,41.5
56462,29,101.5,13.2
56473,28.95,102.7666667,37.5
56474,28.55,102.1666667,20.6
56475,28.65,102.5166667,61.7
56478,28.3,102.4333333,83
56479,28,102.85,54.6
56480,28.81666667,103.5333333,142.4
56483,28.58333333,103.95,92.7
56485,28.26666667,103.5833333,64.7
56487,28.33333333,103.1333333,42.7
56489,28.23333333,103.6333333,103.3
56490,28.95,103.9,143.1
56491,28.7,104.5666667,86.8
56492,28.8,104.6,140.5
56493,28.85,104.9666667,41.5
56494,28.65,104.15,109.5
56496,28.31666667,105.2333333,90.7
56497,28.1,104.2333333,46.4
56498,28.15,104.5,65
56499,28.38333333,104.7833333,126.8
56533,27.75,98.66666667,47.4
56543,27.83333333,99.7,87.6
56548,27.16666667,99.28333333,64.2
56565,27.43333333,101.5166667,37.2
56567,27.3,100.85,47
56569,27.41666667,102.1833333,18.7
56571,27.9,102.2666667,40.3
56575,27.36666667,102.55,33.2
56578,27.06666667,102.75,59
56580,27.71666667,102.8,52.5
56582,27.75,103.9,63.9
56584,27.7,103.25,51
56585,27.18333333,103.5333333,81.4
56586,27.35,103.7166667,55
56592,28.43333333,104.5166667,74.8
56593,28.58333333,104.9166667,79.8
56594,27.63333333,104.05,86.2
56595,27.41666667,104.8666667,161.4
56596,27.85,105.05,165.1
56598,27.13333333,104.7333333,153.8
56641,26.9,98.86666667,67.6
56643,25.86666667,98.85,37.2
56645,26.41666667,99.41666667,59.4
56646,26.53333333,99.91666667,64.9
56649,26.1,99.96666667,80.7
56651,26.85,100.2166667,87.6
56652,26.68333333,100.75,35.8
56654,26.58333333,100.1833333,79.1
56664,26.63333333,101.2666667,65
56665,26.68333333,101.85,9.3
56666,26.58333333,101.7166667,32.1
56669,26.05,101.6666667,15.5
56670,26.91666667,102.1166667,58.7
56671,26.65,102.25,93
56673,26.91666667,102.9166667,41.3
56674,26.5,101.7333333,72.7
56675,26.65,102.5833333,62.5
56684,26.4,103.25,44.8
56688,26.1,103.1666667,35.2
56691,26.86666667,104.2833333,70.1
56697,26.21666667,104.0833333,96.2
56739,24.98333333,98.5,77.3
56742,25.9,99.36666667,58.6
56745,25.68333333,99.95,63.1
56746,25.46666667,99.51666667,55.5
56748,25.11666667,99.18333333,129.6
56751,25.7,100.1833333,51
56752,25.83333333,100.5666667,43.9
56755,25.35,100.4833333,87
56757,25.26666667,100.2833333,46.1
56761,25.71666667,101.3166667,44.6
56764,25.53333333,101.2333333,40.6
56766,25.3,101.5166667,131.6
56767,25.18333333,101.2833333,88.3
56772,25.23333333,102.5,50.5
56774,25.53333333,102.4166667,141
56777,25.15,102.0666667,33.3
56778,25,102.65,99.6
56782,25.41666667,103.55,43.1
56783,25.5,103.8,35.3
56785,25.35,103.0833333,104.6
56790,25.68333333,104.25,63.7
56792,25.78333333,104.9666667,142.2
56793,25.71666667,104.4666667,93.4
56835,24.06666667,97.81666667,113.5
56836,24.7,97.95,107.5
56839,23.76666667,98.81666667,161.3
56840,24.81666667,98.3,56.6
56841,24.6,98.68333333,271.8
56842,24.73333333,99.18333333,133.7
56843,24.83333333,99.61666667,152
56844,24.43333333,98.58333333,229.8
56846,24.58333333,99.93333333,181.7
56849,24.03333333,99.23333333,56.6
56851,25.03333333,100.5166667,101.4
56854,24.45,100.1333333,49.5
56856,24.46666667,100.8666667,73.1
56862,24.68333333,101.6,119.8
56863,24.93333333,102.4833333,118.7
56867,23.98333333,101.1166667,81.6
56869,24.06666667,101.9666667,126.8
56870,24.65,102.1833333,78.9
56871,24.65,102.6,143.6
56873,24.68333333,102.9166667,55.8
56875,24.33333333,102.55,114.1
56876,24.28333333,102.7666667,100.2
56878,24.13333333,102.75,65.9
56879,24.18333333,102.9166667,188.1
56880,24.91666667,103.1666667,54.2
56881,24.75,103.2666667,81.2
56882,24.88333333,102.8,66.2
56883,24.81666667,103.9833333,76
56885,24.4,103.45,89.9
56886,24.53333333,103.7666667,115.5
56889,24.05,104.1666667,112.8
56891,24.98333333,104.3166667,136.9
56898,24.18333333,102.4,124.4
56944,23.15,99.26666667,160
56946,23.55,99.4,100.8
56948,22.63333333,99.6,115.5
56949,22.31666667,99.6,74.1
56950,23.46666667,99.8,79.4
56951,23.88333333,100.0833333,115.3
56952,23.5,100.7,102.5
56954,22.56666667,99.93333333,148.1
56958,21.91666667,100.4166667,135.3
56962,23.41666667,101.6666667,83.6
56964,22.78333333,100.9666667,133.4
56966,23.6,101.9833333,74
56969,21.46666667,101.5833333,320.3
56970,23.7,102.4833333,110.4
56975,23.36666667,102.4333333,129.1
56976,23.23333333,102.8333333,99.6
56977,22.58333333,101.85,266.7
56978,23,102.4166667,222
56982,23.7,103.2833333,130.1
56984,23.38333333,103.15,191.6
56987,22.78333333,103.2333333,233
56991,23.61666667,104.3333333,104.7
56992,23.45,104.7,138.6
56994,23.33333333,104.2833333,158.8
56995,23.03333333,104.4166667,115.8
57001,34.75,105.3333333,75.9
57002,34.85,105.65,82.9
57003,34.9,106.8333333,44.2
57004,34.73333333,104.8833333,81.7
57006,34.58333333,105.75,77
57007,34.18333333,105.1833333,124.6
57008,34.03333333,105.3,116.2
57011,34.75,106.15,40.9
57012,34.98333333,106.2,28.1
57014,34.56666667,105.8666667,46.5
57016,34.35,107.1333333,80.9
57020,34.36666667,107.4,133.3
57021,34.65,107.1333333,61.1
57022,34.68333333,107.7833333,53.1
57023,35.01666667,108.1166667,36.8
57024,34.45,107.65,23.2
57025,34.51666667,107.3833333,84.1
57026,34.36666667,107.8833333,28.3
57027,34.26666667,107.7333333,16
57028,34.03333333,107.3166667,19.1
57029,34.5,108.4833333,27.2
57030,34.7,108.15,18.7
57031,34.81666667,108.55,43.4
57033,34.55,108.8166667,50.9
57034,34.25,108.2166667,1.6
57035,34.55,108.2333333,38.8
57037,34.93333333,108.9833333,82.8
57038,34.28333333,108.45,23.5
57041,34.63333333,108.9166667,41.1
57042,34.78333333,109.1833333,99.9
57043,34.8,109.9666667,3.2
57045,34.51666667,109.4833333,100.6
57046,34.48333333,110.0833333,120.5
57048,34.4,108.7166667,38.1
57051,34.8,111.2,93.1
57052,34.88333333,110.45,22.7
57053,34.7,110.7166667,132.7
57054,34.55,110.2333333,18.9
57055,34.55,110.0833333,16.3
57056,34.53333333,110.85,131.9
57057,34.1,110.15,105.3
57060,35.16666667,111.2333333,54
57061,34.83333333,111.2,115.5
57063,34.76666667,111.7666667,110
57066,34.4,111.6666667,140.8
57070,34.73333333,112.1166667,176
57071,34.81666667,112.4333333,337.8
57072,34.91666667,112.75,495.6
57074,34.41666667,112.4,307.7
57075,34.16666667,112.8666667,499.9
57076,34.73333333,112.7833333,648.6
57078,34.15,112.4666667,348
57079,34.95,113.0333333,500.8
57080,34.73333333,112.9666667,712.9
57081,34.8,113.4333333,833.2
57082,34.46666667,113.0166667,637.6
57083,34.71666667,113.65,1001021.8
57084,34.5,113.05,855.6
57085,34.53333333,113.3333333,975.2
57086,34.38333333,113.7166667,528.7
57087,34.26666667,113.7333333,468.4
57088,34.15,113.5,436.6
57089,34.06666667,113.9333333,462.9
57090,34.71666667,113.9666667,495.9
57091,34.78333333,114.3,467.9
57093,34.85,114.8166667,267.3
57094,34.4,114.2166667,366.9
57095,34.11666667,114.15,330.4
57096,34.53333333,114.7833333,205.8
57098,34.08333333,114.4,488.7
57099,34.06666667,114.85,114.3
57102,33.75,105.7166667,78.1
57105,33.33333333,105.6,77.7
57106,33.31666667,106.15,96.8
57110,33.78333333,106.0833333,52.6
57111,33.91666667,106.3,149.5
57113,33.9,106.5333333,67.3
57119,33.16666667,106.7,110.8
57123,34.28333333,108.0666667,11.7
57124,33.63333333,106.9333333,55.1
57127,33.06666667,107.0333333,66.8
57128,33.16666667,107.3333333,43.4
57131,34.43333333,108.9666667,110.6
57134,33.51666667,107.9833333,132.9
57137,33.31666667,108.3166667,46.7
57140,33.66666667,109.1166667,66.9
57143,33.86666667,109.9666667,116.7
57144,33.43333333,109.15,61.6
57153,33.68333333,110.3333333,1000107.2
57154,33.53333333,110.9,71.3
57155,33.55,109.8666667,71.5
57156,33.3,111.5,317
57162,34.13333333,112.0666667,157
57169,33.05,111.8666667,105.5
57173,33.75,112.8833333,486.7
57175,33.05,112.2333333,121.1
57176,33.48333333,112.4166667,330.3
57177,33.33333333,113.5333333,284.7
57178,33.1,112.4833333,108.6
57179,33.28333333,113,179.6
57180,33.98333333,113.2,331.8
57181,33.88333333,113.05,346.5
57182,33.85,113.5166667,466.7
57183,33.8,113.9166667,576.7
57184,33.63333333,113.3,185.2
57185,33.45,113.5833333,191
57186,33.6,114.05,474.3
57187,33.06666667,112.9333333,70.7
57188,33.36666667,114.0333333,219.6
57189,33.13333333,113.95,179.6
57190,33.75,114.4,310.8
57191,34.48333333,114.4833333,345.2
57192,33.73333333,114.85,119.5
57193,33.78333333,114.5166667,334.9
57194,33.28333333,114.2666667,209.2
57195,33.61666667,114.6166667,247.8
57196,33.46666667,114.8666667,276.5
57197,32.96666667,114.35,86.8
57198,33.5,114.5666667,247.6
57204,32.56666667,105.2166667,145.1
57206,32.43333333,105.85,209.6
57208,32.28333333,105.5166667,396.7
57211,32.83333333,106.25,185.6
57213,33,106.9333333,189
57216,32.35,106.8333333,203.3
57217,32.23333333,106.2833333,307.5
57231,32.53333333,108.5333333,27.3
57232,33.05,108.2666667,81
57233,32.9,108.5,30.4
57237,32.06666667,108.0333333,116.4
57238,32.53333333,107.9,61.4
57242,32.85,109.3666667,17.5
57245,32.71666667,109.0333333,11.9
57247,32.31666667,108.9,42.2
57248,32.4,109.3333333,22.3
57249,32.31666667,109.6833333,32.6
57251,33,110.4166667,17.9
57253,32.85,110.8166667,84.2
57254,32.81666667,110.1166667,68.7
57256,32.65,110.7833333,67.6
57257,32.23333333,110.2333333,37.3
57259,32.05,110.75,98.8
57260,32.56666667,111.5166667,55.1
57261,33.11666667,111.5166667,179.8
57265,32.43333333,111.7333333,74.2
57268,32.26666667,111.6166667,123.4
57271,32.51666667,112.3833333,141.2
57273,32.68333333,112.85,27.8
57274,32.7,112.1166667,143.9
57278,32,112.0833333,148.1
57279,32.15,112.75,141.7
57281,32.7,113.3,39.6
57285,32.38333333,113.4166667,141.3
57290,32.93333333,113.9166667,236.6
57292,32.96666667,114.6333333,50.3
57293,32.73333333,114.9833333,60.3
57294,32.83333333,114.0166667,142.5
57295,32.61666667,114.35,197.1
57296,32.35,114.7333333,35.6
57297,32.13333333,114.05,270.8
57298,32.21666667,114.55,164.6
57299,32.01666667,114.9,87.4
57303,31.73333333,105.9166667,247.5
57306,31.58333333,105.9666667,235.2
57307,31.1,105.0833333,184.4
57308,31.21666667,105.3833333,277.4
57309,30.98333333,105.8833333,197.3
57313,31.86666667,106.7666667,93.4
57314,31.35,106.0666667,161
57315,31.53333333,106.4,104.2
57317,31.03333333,106.4166667,55.9
57318,31.06666667,106.55,54.3
57320,31.93333333,107.2166667,106.3
57324,31.58333333,107.0833333,115.2
57326,31.36666667,107.7166667,88.6
57328,31.2,107.5,74.2
57329,31.1,107.85,65.4
57333,31.95,108.6666667,125.4
57338,31.18333333,108.4166667,16.3
57339,30.95,108.6833333,6.5
57343,31.9,109.5333333,58.2
57345,31.4,109.6166667,10.1
57348,31.01666667,109.5333333,24.2
57349,31.06666667,109.8666667,18.1
57355,31.03333333,110.3666667,29.3
57359,31.35,110.7333333,68.5
57361,31.88333333,111.2666667,139.6
57362,31.75,110.6666667,86.5
57363,31.8,111.8333333,76
57370,31.73333333,112.2166667,110
57377,31,112.2166667,29.3
57378,31.16666667,112.5666667,92.7
57381,31.61666667,113.3333333,60.1
57386,31.25,114,87.7
57387,31,113.1333333,60.2
57388,31.26666667,113.7,19.2
57389,31.03333333,113.75,74.9
57390,31.8,114.0666667,89.8
57395,31.56666667,114.1166667,62.7
57396,31.63333333,114.85,106.6
57398,31.28333333,114.6166667,91.7
57399,31.13333333,114.95,26.4
57401,30.86666667,105.3666667,224.8
57402,30.76666667,105.7,148.8
57405,30.5,105.55,64.4
57407,30.28333333,105.0333333,226.3
57408,30.11666667,105.35,79.6
57409,30.18333333,105.8,39.3
57411,30.78333333,106.1,110.6
57413,30.85,106.9666667,170.4
57414,30.51666667,106.45,42.9
57415,30.53333333,106.6333333,81.6
57416,30.33333333,106.9333333,50.8
57417,30.35,106.2833333,110.3
57420,30.75,107.1833333,101.1
57425,30.33333333,107.3333333,42.7
57431,30.83333333,108.35,16.3
57432,30.76666667,108.4,71.1
57437,30.3,108.0333333,34.9
57438,29.98333333,108.1166667,35
57439,30.28333333,108.9333333,107.6
57445,30.6,109.7166667,36.4
57447,30.28333333,109.4666667,26.8
57453,30.76666667,111.3166667,64.7
57458,30.2,110.6666667,121.8
57461,30.73333333,111.3666667,60.9
57464,30.46666667,111.1833333,113
57465,30.38333333,111.45,84.9
57469,30.18333333,111.7666667,96.9
57475,30.4,112.9,29.4
57476,30.35,112.15,31.5
57477,30.06666667,112.2166667,87.8
57481,30.95,113.5666667,31.2
57482,30.9,113.95,55.3
57483,30.66666667,113.1333333,86.2
57484,30.73333333,112.55,13.1
57485,30.3,113.4833333,73.1
57486,30.65,113.85,10.6
57489,30.58333333,114,56.9
57492,30.83333333,114.8333333,18.3
57494,30.6,114.05,51.2
57495,30.66666667,114.8833333,39.2
57496,30.36666667,114.8666667,29.7
57498,30.43333333,114.9,35.4
57499,30.06666667,114.8833333,23.8
57502,29.7,105.7,101.8
57503,29.61666667,105.1166667,73.4
57505,29.41666667,105.5833333,168.5
57506,29.36666667,105.9,75
57507,29.33333333,105.3,143
57508,29.15,105.3666667,72.5
57509,28.95,106.9333333,166.5
57510,29.85,106.0666667,169.8
57511,29.85,106.45,58.1
57512,29.96666667,106.2833333,34.4
57513,29.73333333,106.6166667,102.5
57514,29.58333333,106.2166667,59.6
57516,29.58333333,106.4666667,147.7
57517,29.28333333,106.25,42
57518,29.33333333,106.5,45.7
57519,29.16666667,107.1166667,110.8
57520,29.83333333,107.0666667,62.5
57523,29.85,107.7333333,19
57525,29.31666667,107.75,46.4
57536,29.53333333,108.7833333,56.9
57537,29.3,108.1666667,31.8
57540,29.68333333,109.15,166.1
57541,30,109.4833333,82.6
57543,29.9,110.0333333,79
57544,29.46666667,109.45,34.9
57545,29.53333333,109.4166667,50
57554,29.4,110.1666667,69.6
57558,29.13333333,110.4666667,30.2
57562,29.58333333,111.3666667,104.9
57564,29.43333333,111.1333333,26.8
57565,29.66666667,111.7333333,67.6
57566,29.45,111.65,43.2
57571,29.7,112.4,36.3
57573,29.83333333,112.9,35.8
57574,29.36666667,112.4,39.6
57575,29.51666667,112.5666667,6.5
57577,29.4,112.1666667,12.6
57581,29.81666667,113.45,115
57582,29.71666667,113.8833333,63.5
57583,29.91666667,113.9666667,63.9
57584,29.38333333,113.0833333,10.9
57585,29.48333333,113.45,82.2
57586,29.53333333,114.0333333,26
57589,29.26666667,113.8833333,75.6
57590,29.85,114.3666667,24
57596,29.63333333,114.2,45.6
57598,29.03333333,114.5833333,61.8
57600,28.71666667,105.0666667,112.5
57603,28.81666667,105.8333333,54.6
57606,28.13333333,106.8333333,76.4
57608,28.16666667,105.4333333,60.2
57612,29,106.65,83.9
57623,28.88333333,107.6,60
57625,28.55,107.45,82.3
57633,28.81666667,108.7666667,77.6
57634,28.51666667,107.8833333,88.6
57635,28.45,108.9833333,22.1
57636,28.56666667,108.5,6.2
57637,28.25,108.1,37.9
57640,28.58333333,109.45,51.9
57642,28.7,109.6333333,12.7
57643,29,109.8333333,93.4
57646,28.61666667,109.95,67.3
57647,28.15,109.1833333,36
57649,28.23333333,109.6833333,16.8
57655,28.46666667,110.4,4
57657,28.21666667,110.2,17.7
57658,28.01666667,110.2,22.1
57661,28.91666667,111.4833333,47.4
57662,29.11666667,111.6833333,4.6
57663,28.91666667,111.95,27.9
57666,28.51666667,112.1333333,12.9
57669,28.38333333,111.2166667,17.5
57671,28.85,112.3666667,0.1
57673,28.68333333,112.8833333,105.4
57674,28.56666667,112.3833333,2
57678,28.25,112.55,32.7
57679,28.11666667,112.7833333,17.9
57680,28.8,113.0666667,43
57682,28.71666667,113.5666667,14.3
57687,28.21666667,112.9166667,83.1
57688,28.15,113.6333333,37
57694,28.53333333,114.3833333,42.5
57696,28.4,114.7833333,31.5
57698,28.11666667,114.45,12.7
57699,28.23333333,114.9166667,23.7
57707,27.3,105.2833333,138.4
57708,27.15,105.6,112
57710,27.8,106.4,85
57714,27.46666667,106.2333333,134.2
57717,27.53333333,106.8333333,61.2
57718,27.1,106.7166667,99.2
57719,27.06666667,106.9666667,101.3
57722,27.76666667,107.4666667,28.5
57723,27.98333333,107.7166667,68.5
57728,27.06666667,107.4666667,133.3
57729,27.23333333,107.8833333,50.5
57731,27.95,108.25,47.8
57732,28.01666667,108.4,31.3
57734,27.56666667,108.2333333,38.5
57735,27.18333333,108.8166667,32.2
57736,27.7,108.85,63.5
57737,27.03333333,108.1166667,87.1
57738,27.05,108.4166667,17.3
57739,27.23333333,108.9166667,67.1
57740,27.95,109.6,21.6
57741,27.71666667,109.1833333,38.6
57742,27.51666667,109.2,9.4
57743,27.88333333,109.8,77.7
57744,27.36666667,109.1666667,5.3
57745,27.45,109.6833333,6.1
57752,27.91666667,110.6,16.5
57754,27.35,110.15,34.2
57760,27.7,111.4333333,92.5
57761,27.75,111.3,11.2
57762,27.68333333,111.7,39.1
57763,27.68333333,112,29.8
57771,27.93333333,112.5333333,39.7
57772,27.75,112.5,84.3
57773,27.86666667,112.8166667,58.4
57774,27.45,112.1666667,31.9
57776,27.3,112.7,36.2
57777,27.23333333,112.8666667,19.4
57778,27.1,112.95,25.5
57779,27,113.35,26.2
57780,27.86666667,113.1666667,3
57781,27.65,113.5,49.7
57783,27.88333333,113.8166667,24.2
57786,27.63333333,113.85,21.8
57789,27.13333333,113.95,45.3
57792,27.81666667,114.6833333,3.8
57793,27.8,114.3833333,26.6
57794,27.63333333,114.0166667,24.1
57796,27.83333333,114.8833333,44.6
57798,27.4,114.6,13.2
57799,27.05,114.9166667,15.2
57800,26.76666667,105.3666667,99.7
57803,27.03333333,106.0166667,146.7
57805,26.68333333,105.7666667,157.1
57806,26.25,105.9,64.2
57807,26.2,105.4666667,94.9
57808,26.31666667,105.75,77.7
57809,26.06666667,105.75,85.6
57811,26.83333333,106.6,98
57814,26.41666667,106.2666667,16.6
57816,26.58333333,106.7333333,25
57821,26.7,107.5,109.9
57822,26.9,107.9,86.1
57824,26.58333333,107.2333333,76.8
57825,26.6,107.9833333,35
57827,26.31666667,107.5333333,135.5
57828,26.5,107.5833333,63
57829,26.2,107.8,198.6
57832,26.96666667,108.6666667,19.8
57834,26.68333333,108.3,17.1
57835,26.71666667,108.4333333,9
57837,26.4,108.0666667,96.3
57839,26.23333333,109.15,23.5
57840,26.9,109.2,26.8
57844,26.68333333,109.1833333,0.7
57845,26.16666667,109.7833333,107.8
57859,26.03333333,110.6333333,16.5
57865,26.46666667,111.5833333,18.1
57866,26.23333333,111.6166667,33
57867,26.4,111.2833333,23.6
57868,26.6,111.8666667,0.2
57870,26.8,112.1,0.2
57871,26.98333333,112.3666667,0.2
57872,26.9,112.6,21.5
57874,26.41666667,112.4,48.3
57875,26.75,112.6833333,1.7
57876,26.43333333,112.8333333,46.9
57881,26.71666667,113.25,16.3
57882,26.78333333,113.55,116.4
57883,26.75,114.2833333,36.6
57886,26.48333333,113.8,63.6
57887,26.11666667,113.1166667,41.6
57889,26.08333333,113.95,68.9
57891,26.93333333,114.25,6.4
57894,26.58333333,114.1666667,114.5
57895,26.46666667,114.7833333,89
57896,26.33333333,114.5,32.5
57899,26.8,114.9166667,23.8
57900,25.83333333,105.2166667,99.8
57902,25.43333333,105.1833333,124.5
57903,25.93333333,105.6,84.4
57905,25.4,105.6333333,95
57906,25.18333333,106.0833333,82.1
57907,25.08333333,104.9,57.3
57908,25.11666667,105.4833333,87.4
57909,24.98333333,105.8166667,122.1
57910,25.76666667,106.0833333,76.4
57911,26.66666667,106.65,6
57912,26.13333333,106.6333333,98.5
57913,26.45,106.9833333,83.8
57914,26.41666667,106.6666667,53.9
57915,26.63333333,106.7666667,20.9
57916,25.43333333,106.7666667,77.6
57921,25.83333333,107.3166667,64.5
57922,25.83333333,107.55,110.8
57923,25.98333333,107.8666667,119.2
57926,25.41666667,107.8833333,29.6
57927,24.96666667,107.1833333,55.8
57932,25.96666667,108.5333333,56.9
57936,25.75,108.9166667,2.2
57941,25.78333333,109.6,5.7
57942,25.8,110,74.8
57947,25.21666667,109.4,19.8
57948,25.08333333,109.25,23.1
57949,24.98333333,110,33.2
57954,25.23333333,110.1833333,28.6
57955,25.61666667,110.6666667,12.9
57956,25.41666667,110.3166667,117
57957,25.31666667,110.3,62.3
57960,25.93333333,111.0666667,34.4
57962,25.96666667,111.65,22.3
57964,25.5,111.15,19.6
57965,25.53333333,111.6,0.9
57966,25.6,111.9666667,26.3
57969,25.26666667,111.3333333,52.4
57971,25.91666667,112.2,29
57972,25.8,113.0333333,40.4
57973,25.75,112.7166667,43.2
57974,25.58333333,112.3666667,53.9
57975,25.38333333,112.2,12.7
57976,25.41666667,112.95,43.1
57978,25.28333333,112.55,16.2
57981,25.98333333,113.2166667,43.6
57985,25.56666667,113.6833333,35.6
57988,25.15,113.35,64
57989,25.06666667,113.7666667,35.3
57990,25.7,114.3,29.5
57991,25.8,114.55,22.4
57992,25.66666667,114.75,31.5
57993,25.86666667,115,46.1
57994,25.4,114.35,78.9
57995,25.4,114.9333333,84.6
57996,25.08333333,114.25,19.3
58001,34.43333333,115.1,50.9
58002,34.85,115.5833333,38.4
58003,34.95,115.8833333,113.5
58004,34.65,115.15,55.6
58005,34.45,115.6666667,27.6
58006,34.38333333,115.8833333,112.5
58007,34.06666667,115.3,44.7
58008,34.46666667,115.3333333,35.3
58011,34.8,116.0666667,76.6
58012,34.68333333,116.5833333,161
58013,34.75,116.9,114.4
58015,34.45,116.3333333,195.9
58016,34.18333333,116.9666667,171.6
58017,34.25,116.1333333,113.1
58020,34.8,117.1333333,122.2
58021,34.78333333,117.2833333,106.6
58022,34.75,117.5666667,118.2
58024,34.86666667,117.5833333,110
58025,34.56666667,117.7333333,131.8
58026,34.4,118.0166667,168.7
58027,34.28333333,117.15,188.8
58030,34.88333333,118.0166667,107
58032,34.93333333,118.65,99.5
58035,34.33333333,118.35,183.7
58036,34.55,118.7166667,147.3
58038,34.08333333,118.7833333,239.3
58040,34.85,119.1333333,96.7
58041,34.78333333,119.4333333,122.1
58044,34.53333333,119.2333333,145.6
58045,34.2,119.6,188.4
58047,34.25,119.2333333,216.6
58048,34.11666667,119.35,200.1
58049,34.01666667,119.8,130.6
58100,33.65,115.1666667,179.7
58101,33.86666667,115.4833333,96.3
58102,33.86666667,115.7666667,170.5
58104,33.4,115.0666667,232.3
58107,33.01666667,115.2833333,42.9
58108,33.23333333,115.3333333,171.9
58109,33.18333333,115.6166667,97
58111,33.96666667,116.45,206
58112,30.73333333,116.45,186.3
58113,33.93333333,116.75,155.2
58114,33.48333333,116.1833333,98.8
58116,33.98333333,116.8333333,272.2
58117,33.13333333,116.2,59.6
58118,33.26666667,116.5166667,71.7
58122,33.63333333,116.9833333,208.6
58125,33.58333333,117.5166667,184
58126,33.46666667,117.8666667,204.9
58127,32.98333333,117.2,101.4
58128,33.33333333,117.35,222.9
58129,33.15,117.8333333,106.9
58130,33.93333333,117.95,162.4
58131,33.96666667,118.2166667,175.2
58132,33.71666667,118.6833333,246.1
58135,33.48333333,118.2166667,156.8
58138,32.98333333,118.5166667,153.2
58139,33.3,118.9166667,116.5
58140,33.76666667,119.3,101.3
58141,33.63333333,118.9333333,120.3
58143,33.8,119.85,173.8
58145,33.5,119.15,111.2
58146,33.46666667,119.7666667,79.9
58147,32.98333333,118.9666667,93.6
58148,33.23333333,119.3,58.8
58150,33.75,120.3,35.8
58154,33.43333333,120.2,58.3
58158,33.2,120.4833333,123.7
58202,32.66666667,115.5666667,41.9
58203,32.86666667,115.7333333,61.5
58205,32.46666667,115.4333333,45.8
58207,32.16666667,115.05,71.1
58208,32.16666667,115.6166667,159.7
58210,32.65,116.2333333,12.2
58212,32.71666667,116.7666667,83.3
58214,32.33333333,116.2833333,20.4
58215,32.43333333,116.7833333,70.6
58220,32.46666667,117.15,97.3
58221,32.85,117.3,187.1
58222,32.85,117.55,175
58223,32.8,117.9833333,170.2
58224,32.65,117.0166667,192.6
58225,32.53333333,117.6666667,146.8
58234,32.46666667,118.4166667,1000121.3
58235,32.36666667,118.85,297.4
58236,32.35,118.25,111.3
58237,32.06666667,118.5833333,183.8
58238,31.93333333,118.9,78.5
58240,32.68333333,119.0166667,103.9
58241,32.8,119.45,112
58242,32.3,119.1666667,94.5
58243,32.95,119.8166667,156.6
58244,32.45,119.5833333,111.8
58245,32.41666667,119.4166667,83.2
58246,32.55,120,109.3
58247,32.26666667,119.8,64.6
58249,32.16666667,120,63.3
58250,32.51666667,120.15,62.7
58251,32.85,120.2833333,162.1
58252,32.18333333,119.4666667,84.7
58254,32.51666667,120.45,89.4
58255,32.36666667,120.5666667,60.5
58257,31.98333333,120.25,128.2
58259,32.08333333,120.9833333,74
58264,32.33333333,121.1833333,66.5
58265,32.06666667,121.6,45.3
58268,32.1,121.0833333,66.6
58269,31.78333333,121.65,87.9
58301,31.81666667,115.3833333,151.4
58306,31.68333333,115.8833333,219.3
58311,31.73333333,116.5,91.7
58314,31.4,116.3166667,98.8
58316,31.46666667,116.9166667,48.3
58317,30.86666667,116.3666667,162.5
58319,31.06666667,116.95,62.5
58320,31.73333333,117.1333333,40.9
58321,31.78333333,117.3,160.1
58323,31.88333333,117.4666667,105.1
58326,31.58333333,117.8333333,42.6
58327,31.26666667,117.2833333,49.2
58329,31.33333333,117.8666667,90.3
58330,31.75,118.0833333,124.8
58331,31.73333333,118.3666667,138.2
58334,31.38333333,118.3666667,54.9
58335,31.56666667,118.5166667,77.1
58336,31.7,118.5666667,82.1
58337,31.08333333,118.1833333,70.4
58338,31.15,118.5833333,52.9
58339,31.33333333,118.9,62.2
58340,31.65,119.0333333,105.7
58341,31.98333333,119.6,78.2
58342,31.71666667,119.55,111.4
58344,31.96666667,119.2,103.9
58345,31.43333333,119.4833333,102.5
58346,31.33333333,119.8166667,66.2
58349,31.41666667,120.5666667,66.1
58351,31.9,120.3,130.8
58352,31.65,120.7666667,63.9
58353,31.86666667,120.5666667,57.5
58354,31.61666667,120.35,53.1
58356,31.4,121,93.9
58358,31.06666667,120.4333333,60.8
58359,31.13333333,120.6166667,92.7
58360,31.91666667,121.2,69.6
58361,31.1,121.3666667,215.3
58362,31.4,121.45,115.8
58365,31.36666667,121.25,91.8
58366,31.66666667,121.5,99.4
58367,31.2,121.4333333,218.2
58369,31.05,121.7833333,251.5
58370,31.23333333,121.5333333,196.7
58377,31.51666667,121.1,66.2
58401,30.75,115.4,29.5
58402,30.73333333,115.6666667,22
58404,30.46666667,115.2166667,65.9
58408,30.23333333,115.4333333,51.5
58409,30.1,115.9333333,48
58417,30.16666667,116.1333333,77.5
58429,30.98333333,117.85,136.9
58431,30.9,118.3166667,36.5
58432,30.68333333,118.4,81.2
58433,30.93333333,118.75,65.4
58435,30.3,118.5333333,97.6
58436,30.61666667,118.9833333,210.2
58437,30.13333333,118.15,244.7
58441,30.86666667,119.4166667,138.6
58442,31.16666667,119.1833333,111.7
58443,31.01666667,119.9,63.1
58446,30.63333333,119.7,192
58448,30.21666667,119.7,165
58449,30.05,119.95,237
58450,30.86666667,120.05,143.2
58451,30.83333333,120.9333333,183
58452,30.73333333,120.7666667,174.1
58453,30.06666667,120.5,404.4
58454,30.53333333,119.9833333,186.2
58455,30.51666667,120.65,160.3
58456,30.63333333,120.5166667,148.8
58457,30.23333333,120.1666667,252.5
58458,30.53333333,120.9,200.9
58459,30.18333333,120.2833333,216.1
58460,30.73333333,121.35,314.8
58461,31.13333333,121.1166667,143.5
58462,31.03333333,121.2333333,207.9
58463,30.88333333,121.5,319.6
58464,30.65,121.1166667,237.7
58467,30.2,121.2666667,298.3
58468,30.05,121.1666667,389.1
58472,30.73333333,122.45,240.9
58477,30.03333333,122.1,385.5
58484,30.25,122.2,382
58500,29.85,115.2,51.9
58501,29.91666667,115.6333333,48.7
58502,29.73333333,116,32.3
58503,29.7,115.6666667,30
58505,29.61666667,115.9,26.4
58506,29.58333333,115.9833333,51.8
58507,29.25,115.1166667,79.4
58508,29.33333333,115.7666667,76.5
58509,29.05,115.8166667,66.1
58510,29.73333333,116.2333333,61.1
58512,29.9,116.55,26
58514,29.45,116.05,52.9
58517,29.26666667,116.2,50.5
58519,29,116.6833333,38.2
58520,29.85,117.7166667,29.1
58523,29.93333333,117.9333333,33.2
58524,29.36666667,117.2166667,60.9
58527,29.3,117.2,16.5
58529,29.26666667,117.85,15.2
58530,29.86666667,118.4333333,31.4
58531,29.71666667,118.2833333,24.1
58534,29.78333333,118.1833333,14.3
58537,29.13333333,118.4,9.3
58542,29.81666667,119.6833333,163
58543,29.61666667,119.0166667,43.9
58544,29.48333333,119.2666667,57.1
58546,29.46666667,119.8833333,99.5
58547,29.03333333,119.1833333,57.9
58548,29.21666667,119.4666667,60
58549,29.11666667,119.65,72.4
58550,29.7,120.25,240.4
58553,30.05,120.8166667,248.4
58555,29.51666667,120.8833333,192.6
58556,29.6,120.8166667,150.1
58557,29.33333333,120.0833333,78.6
58558,29.26666667,120.2166667,109
58559,29.16666667,120.9833333,140.7
58560,29.05,120.4333333,208
58561,29.98333333,121.6,310.7
58562,29.78333333,121.55,265.6
58563,29.88333333,121.8333333,244.9
58565,29.7,121.3833333,363.4
58566,29.46666667,121.8833333,247.8
58567,29.31666667,121.4333333,275.7
58568,29.11666667,121.3833333,296.7
58569,29.2,121.95,194.8
58570,29.95,122.3,243.1
58600,28.86666667,115.3666667,85.2
58601,28.7,115.3833333,128.7
58602,28.85,115.55,84.3
58605,28.41666667,115.3833333,171.7
58606,28.6,115.9166667,153.4
58607,28.55,115.95,59.1
58608,28.06666667,115.55,71.8
58609,28.21666667,115.8166667,112.3
58612,28.7,116.6833333,8.1
58614,28.38333333,116.2666667,53.2
58615,28.68333333,117.0833333,15.9
58616,28.2,116.8166667,38.5
58618,28.26666667,116.6,52.7
58619,28,116.3666667,30.8
58620,29.01666667,117.1,27.7
58622,28.95,117.5833333,41.5
58623,28.46666667,117.9166667,2.3
58624,28.4,117.4333333,18.8
58625,28.41666667,117.6,3.6
58626,28.31666667,117.25,29.4
58627,28.25,117.0333333,32.3
58629,28.28333333,117.7,19.3
58631,28.9,118.5,35.8
58632,28.71666667,118.6,16
58634,28.68333333,118.25,6
58635,28.43333333,118.2,7.6
58637,28.45,117.9833333,1.4
58642,28.88333333,119.8,34.4
58643,28.9,120.0333333,33.2
58644,28.6,119.2833333,10.3
58646,28.45,119.9166667,63.4
58647,28.08333333,119.1333333,15.1
58648,28,119.6333333,19.3
58652,28.86666667,120.7166667,91.6
58654,28.66666667,120.0833333,102
58656,28.06666667,120.9666667,62.2
58657,28.15,120.2833333,62.9
58658,28.15,120.6833333,74.7
58659,28.03333333,120.65,93.6
58660,28.86666667,121.2,181.5
58664,28.36666667,121.3666667,169.8
58665,28.61666667,121.4166667,65.4
58666,28.45,121.9,117.6
58667,28.08333333,121.2666667,46.6
58693,28.7,115.8333333,85.5
58701,27.76666667,115.4,25.6
58704,27.61666667,115.35,62.5
58705,27.33333333,115.4166667,29.6
58706,27.43333333,115.8333333,79.5
58707,27.21666667,115.1333333,32.7
58710,27.76666667,116.05,14.9
58712,27.91666667,116.7833333,61.6
58713,27.71666667,117.0666667,50.6
58714,27.55,116.2333333,43.1
58715,27.58333333,116.65,29.1
58718,27.21666667,116.5333333,0
58719,27.3,116.9333333,3.4
58724,27.53333333,117.3166667,0.6
58725,27.33333333,117.4666667,1
58730,27.76666667,118.0333333,3.9
58731,27.91666667,118.5333333,1.4
58734,27.33333333,118.1166667,1
58735,27.51666667,118.75,8.5
58736,27.38333333,118.8166667,10.9
58737,27.05,118.3166667,23.2
58742,28.11666667,119.55,39.9
58744,27.45,119.4166667,43.4
58745,27.61666667,119.0833333,7
58746,27.55,119.7,52.9
58747,27.15,119.35,81.1
58748,27.1,119.65,14
58749,27.23333333,119.8833333,73.5
58750,27.78333333,120.0833333,48.7
58751,27.66666667,120.5666667,81.6
58752,27.78333333,120.65,46.4
58754,27.33333333,120.2,55.9
58804,26.35,115.35,43.1
58806,26.48333333,116.0166667,23.8
58813,26.85,116.3333333,1.9
58814,26.35,116.35,7.3
58818,26.23333333,116.6333333,17.3
58819,26.18333333,116.8166667,28.4
58820,26.9,117.1666667,6.3
58822,26.83333333,116.85,2.5
58823,26.8,117.8,10.6
58824,26.4,117.15,8.8
58826,26.4,117.8,3.2
58828,26.26666667,117.6166667,21.9
58836,26.58333333,118.7333333,17.5
58837,26.15,118.15,9.1
58839,26.23333333,118.85,8.7
58843,26.88333333,120.0166667,34.8
58844,26.15,119.15,8.9
58845,26.5,119.5333333,36.8
58846,26.66666667,119.5166667,41.1
58847,26.08333333,119.2833333,7
58848,26.2,119.55,33.3
58850,26.91666667,120.2333333,43.4
58903,25.9,116.0333333,68.6
58905,25.96666667,115.4166667,8.4
58906,25.6,115.8,55.5
58907,25.15,115.4,103.8
58911,25.85,116.3666667,78.5
58917,25.08333333,116.1,56.5
58918,25.05,116.4166667,60.5
58923,25.7,117.8333333,33.4
58926,25.3,117.4166667,24.2
58927,25.05,117.0166667,31.8
58928,25.01666667,117.5333333,116.1
58929,25.06666667,118.15,19.8
58931,25.71666667,118.1,54.8
58932,25.86666667,118.9333333,12.8
58934,25.33333333,118.2666667,46.4
58935,25.48333333,118.2333333,64.5
58938,25.23333333,118.9833333,3.2
58941,25.96666667,119.5,19.3
58942,25.71666667,119.3833333,6.7
58944,25.51666667,119.7833333,2
58946,25.45,119,7.6
59001,24.78333333,105.3333333,130.8
59004,24.5,105.1,215.6
59007,24.06666667,105.0666667,144.6
59012,24.78333333,106.55,104.3
59015,24.35,106.5666667,96.9
59017,24.26666667,106.2666667,84.9
59021,24.55,107.0333333,35.9
59023,24.7,108.0333333,75.7
59025,24.53333333,107.3833333,18.4
59027,24.13333333,107.25,44.1
59031,24.81666667,108.2666667,75.4
59034,24.48333333,108.6666667,72
59037,23.93333333,108.1,78.4
59038,24.06666667,108.65,120.7
59041,24.65,109.25,37.3
59044,24.46666667,109.3833333,1.7
59045,24.48333333,109.75,10.2
59046,24.35,109.4,16.8
59047,24.25,109.3333333,35.3
59052,24.83333333,110.8166667,13.3
59053,24.61666667,110.6666667,19.7
59055,24.5,110.4,12.8
59057,24.13333333,110.1833333,69.6
59058,24.2,110.5166667,19.7
59059,24.18333333,110.8,98
59063,25.18333333,111.45,60.3
59065,24.41666667,111.5,74
59071,24.73333333,112.2833333,35.1
59072,24.8,112.3666667,23.1
59074,24.56666667,112.15,16.1
59075,24.48333333,112.6333333,21.7
59081,24.78333333,113.2833333,51.5
59082,24.66666667,113.6,24.8
59087,23.88333333,113.5166667,79.4
59088,24.18333333,113.4166667,93
59090,24.95,114.0666667,49.9
59091,24.75,114.5166667,63
59092,24.91666667,114.8166667,88.2
59093,24.78333333,115.0333333,54.1
59094,24.35,114.1166667,17.1
59096,24.36666667,114.4833333,26.1
59097,24.05,114.2,75.4
59099,24.45,114.9333333,21.3
59102,24.95,115.65,45.7
59106,24.58333333,115.9,45.2
59107,24.11666667,115.2833333,67.4
59109,24.15,115.7333333,43.2
59113,24.73333333,116.7166667,14.8
59114,24.65,116.1666667,26
59116,24.33333333,116.7,27.1
59117,24.28333333,116.0666667,43.3
59122,24.61666667,117.75,81.7
59124,24.51666667,117.3833333,78.7
59125,24.38333333,117.3,105.5
59127,24.43333333,117.8333333,135.6
59129,24.13333333,117.6,101.3
59130,24.73333333,118.15,59.6
59131,24.96666667,118.3666667,76.2
59133,24.9,118.9166667,3.8
59134,24.48333333,118.0666667,65.5
59205,23.65,105.6333333,117.1
59209,23.41666667,105.8333333,116.6
59211,23.9,106.6,68
59215,23.33333333,106.6333333,43.8
59218,23.13333333,106.4166667,33.3
59224,23.6,107.1166667,41
59227,23.11666667,107.1333333,134.2
59228,23.31666667,107.5833333,54.8
59229,23.16666667,107.7,50.2
59230,23.71666667,108.1666667,32.9
59235,23.43333333,108.6166667,91.9
59237,23.16666667,108.2833333,83.8
59238,23.21666667,108.8,63.8
59241,23.96666667,109.6833333,57.1
59242,23.75,109.2333333,18.3
59246,23.6,109.6666667,31
59255,23.55,110.3833333,25.7
59256,23.36666667,110.9166667,31.9
59264,23.4,111.5,57.9
59265,23.48333333,111.3,42.1
59266,23.41666667,111.2333333,45
59268,23.25,111.5333333,42.7
59269,23.16666667,111.7833333,75.7
59270,23.91666667,112.1833333,5.2
59271,23.63333333,112.4333333,53
59276,23.35,112.65,58.7
59278,23.03333333,112.45,58.7
59279,23.18333333,112.8666667,59
59280,23.71666667,113.0833333,6.8
59284,23.41666667,113.2333333,15.9
59285,23.56666667,113.6,14.5
59287,23.21666667,113.4833333,43.8
59288,23.15,113.0166667,66.5
59289,22.96666667,113.7333333,26
59290,23.78333333,114.25,44.4
59293,23.8,114.7333333,77.9
59294,23.33333333,113.8333333,106.3
59297,23.18333333,114.2833333,27.3
59298,23.06666667,114.3666667,43.5
59303,23.91666667,115.75,33.8
59304,23.63333333,115.1833333,30.1
59306,23.45,115.85,135.2
59310,23.76666667,116.1833333,106.1
59312,23.66666667,116.7,53.7
59313,23.68333333,116.9833333,9.1
59314,23.3,116.1333333,42
59315,23.58333333,116.4,92.1
59316,23.4,116.6833333,46.1
59317,23.03333333,116.3,152.5
59318,23.26666667,116.5833333,69.1
59319,23.43333333,116.8333333,44.3
59320,23.75,117.1333333,100.8
59322,23.98333333,117.3666667,64.4
59324,23.43333333,117.0333333,43.9
59419,22.1,106.75,123
59421,22.83333333,107.2,67.8
59429,22.18333333,108.0166667,97.4
59431,22.63333333,108.2166667,153.5
59432,22.8,108.4,0
59435,22.76666667,108.4833333,126.2
59441,22.7,109.25,194.1
59446,22.41666667,109.3,134.4
59448,22.26666667,109.55,101.8
59449,22.3,109.9833333,113.6
59451,22.7,110.35,31.9
59452,22.83333333,110.5333333,42.1
59454,22.95,111,36.3
59456,22.35,110.9333333,66.9
59457,22.31666667,110.2666667,104.3
59462,22.7,111.6,63.7
59469,22.16666667,111.7833333,128.6
59470,22.7,112.2,139.2
59471,22.93333333,112.05,81.5
59473,22.76666667,112.9666667,72.2
59475,22.4,112.65,116.5
59476,22.53333333,113.0333333,147
59477,22.26666667,112.2333333,219.3
59478,22.25,112.7833333,127.4
59480,22.85,113.25,88.4
59481,22.93333333,113.3166667,47.6
59485,22.5,113.4,194.1
59487,22.23333333,113.3,186.4
59488,22.28333333,113.5666667,282.1
59492,22.96666667,114.7333333,62.9
59493,22.53333333,114,357.6
59500,22.96666667,115.3166667,96.2
59501,22.8,115.3666667,162.7
59502,22.95,115.65,126.7
59632,21.95,108.6166667,78
59635,21.61666667,108.35,91.2
59640,21.66666667,109.1833333,78.5
59644,21.45,109.1333333,198.6
59650,21.4,110.25,89
59653,21.93333333,110.85,154
59654,21.63333333,110.3,36.7
59655,21.65,110.6166667,140.9
59656,21.4,110.8166667,96.8
59658,21.15,110.3,56.7
59659,21.75,110.9166667,164.5
59663,21.83333333,111.9666667,359.9
59664,21.53333333,110.9833333,209.2
59673,21.73333333,112.7666667,400.7
59750,20.96666667,110.0666667,213.2
59754,20.33333333,110.1833333,81.2
59757,20,110.3666667,91.4
59758,20,110.25,37
59838,19.1,108.6166667,47.1
59842,19.9,109.6833333,90.2
59843,19.73333333,110,131.8
59845,19.51666667,109.5833333,155.5
59847,19.26666667,109.05,177.6
59848,19.23333333,109.4333333,63.1
59849,19.03333333,109.8333333,22.5
59851,19.66666667,110.3333333,59.7
59854,19.36666667,110.1,39.6
59855,19.23333333,110.4666667,69.9
59856,19.61666667,110.75,214.8
59941,18.76666667,109.5166667,101
59945,18.65,109.7,86.1
59951,18.8,110.3333333,85.9
89058,-61.78333333,-57.03333333,0
89573,-68.63333333,-75.63333333,0
